"Q1","Q2","Q3","Q4","Q5","Q6","Q7","Q8","Q9","Q10","Q11","Q12","Q13","Q14","Q15","Q16","Q17","Q18","Q19","Q20","Total","AnonID"
NA,NA,NA,NA,NA,NA,NA,NA,NA,NA,NA,NA,NA,NA,NA,NA,NA,NA,NA,NA,NA,"98cda62"
NA,NA,NA,NA,NA,NA,NA,NA,NA,NA,NA,NA,NA,NA,NA,NA,NA,NA,NA,NA,NA,"6680e999"
5,0,5,3,5,0,2.5,5,5,0,2.5,4,0,1,1.25,5,0,5,0,0,49.25,"82445f0c"
2.5,5,0,3,0,2,5,5,5,5,2.5,4,0,5,5,5,5,5,0,0,64,"6dc94877"
2.5,5,5,3,0,0,5,5,5,2.5,5,0,2,5,5,5,5,0,0,0,60,"ef44a5bd"
5,5,5,1,5,2,5,5,5,0,0,5,2,4,5,5,5,0,0,5,69,"aca4281a"
5,5,5,5,5,2,5,0,5,5,2.5,5,5,2,5,5,5,0,0,0,71.5,"dedf4f6f"
0,5,0,3,5,0,0,0,0,5,2.5,5,5,2,5,5,5,5,0,0,52.5,"6f76766b"
5,5,0,3,5,0,0,0,5,2.5,5,0,2,0,2.5,5,5,5,0,0,50,"f4a7ad0c"
5,5,5,5,5,5,5,5,5,5,5,5,5,5,3.75,5,5,5,5,5,98.75,"c0a133e5"
5,5,5,5,5,5,5,5,5,2.5,5,5,5,5,5,5,5,5,0,5,92.5,"28bd8173"
5,5,5,5,5,5,5,5,5,5,5,5,5,5,5,5,5,5,5,5,100,"1ae5128e"
5,5,0,4,5,0,0,0,0,5,2.5,0,0,0,0,0,0,0,0,0,26.5,"8c97aab6"
5,5,5,4.5,5,0,0,5,5,0,2.5,5,0,1,2.5,5,5,5,0,0,60.5,"d44a70e1"
NA,NA,NA,NA,NA,NA,NA,NA,NA,NA,NA,NA,NA,NA,NA,NA,NA,NA,NA,NA,NA,"62a7255f"
5,5,5,5,5,5,5,5,5,5,5,5,5,5,5,5,5,5,5,5,100,"d3444a2"
5,5,5,5,5,2,5,5,5,5,5,5,5,2,5,5,5,5,5,5,94,"3bf577c8"
2.5,0,0,3,5,0,5,0,5,5,5,5,2,0,5,5,5,5,0,5,62.5,"cf3a04dc"
NA,NA,NA,NA,NA,NA,NA,NA,NA,NA,NA,NA,NA,NA,NA,NA,NA,NA,NA,NA,NA,"b3bdc727"
5,5,0,5,5,5,5,0,5,2.5,5,5,5,5,0,5,5,5,5,5,82.5,"4a5bda2c"
5,5,5,4,5,0,5,5,5,0,5,1,2,0,0,5,5,5,0,0,62,"f0ff600b"
5,5,5,3.5,0,0,5,0,5,0,2.5,0,5,4,1.25,0,5,0,0,0,46.25,"75af8501"
NA,NA,NA,NA,NA,NA,NA,NA,NA,NA,NA,NA,NA,NA,NA,NA,NA,NA,NA,NA,NA,"21fd1991"
2.5,0,5,0,5,5,0,5,5,0,5,5,0,0,0,5,5,5,0,0,52.5,"3ffd35f6"
NA,NA,NA,NA,NA,NA,NA,NA,NA,NA,NA,NA,NA,NA,NA,NA,NA,NA,NA,NA,NA,"9564c936"
2.5,5,0,2,5,0,5,5,0,2.5,5,5,2,2,0,0,5,0,0,0,46,"2a290e9c"
NA,NA,NA,NA,NA,NA,NA,NA,NA,NA,NA,NA,NA,NA,NA,NA,NA,NA,NA,NA,NA,"744a2627"
NA,NA,NA,NA,NA,NA,NA,NA,NA,NA,NA,NA,NA,NA,NA,NA,NA,NA,NA,NA,NA,"bd543cef"
NA,NA,NA,NA,NA,NA,NA,NA,NA,NA,NA,NA,NA,NA,NA,NA,NA,NA,NA,NA,NA,"94e4ee79"
5,5,0,5,0,5,5,0,5,0,5,5,2,0,5,5,5,5,5,5,72,"99810789"
NA,NA,NA,NA,NA,NA,NA,NA,NA,NA,NA,NA,NA,NA,NA,NA,NA,NA,NA,NA,NA,"40ef4306"
5,5,5,4,5,0,0,0,5,2.5,2.5,5,3,5,0,5,5,0,0,5,62,"ce20c6ec"
NA,NA,NA,NA,NA,NA,NA,NA,NA,NA,NA,NA,NA,NA,NA,NA,NA,NA,NA,NA,NA,"4ce87b36"
NA,NA,NA,NA,NA,NA,NA,NA,NA,NA,NA,NA,NA,NA,NA,NA,NA,NA,NA,NA,NA,"db0af970"
5,5,5,5,5,0,5,0,5,5,2.5,5,5,4,5,5,5,5,5,5,86.5,"9f47cac5"
5,5,5,5,5,5,2.5,5,5,2.5,5,5,5,2,5,5,5,5,0,0,82,"8fd5e262"
NA,NA,NA,NA,NA,NA,NA,NA,NA,NA,NA,NA,NA,NA,NA,NA,NA,NA,NA,NA,NA,"d8a2590b"
5,5,5,2.5,5,2,5,5,5,5,5,5,2,2,0,0,0,0,0,0,58.5,"95c04d32"
5,5,5,5,5,0,0,5,5,5,5,5,5,2,5,5,5,5,0,0,77,"60abfdba"
5,5,5,3.5,5,5,0,0,5,5,1.25,5,5,5,5,5,5,5,5,5,84.75,"c02cd99a"
5,5,5,3.5,5,0,5,5,5,5,5,5,5,1,2.5,5,5,5,5,5,87,"2060a947"
2.5,5,0,5,5,0,5,5,5,5,5,0,0,5,5,5,5,5,5,0,72.5,"b7a336a7"
5,5,5,5,0,5,5,5,5,5,2.5,5,5,2,5,5,5,5,5,5,89.5,"af1e9386"
2.5,5,0,3.5,5,0,0,0,5,2.5,1.25,5,5,4,2.5,5,5,0,5,0,56.25,"cdf56180"
2.5,5,0,1,0,0,0,5,5,0,2.5,5,5,2,1.25,5,5,5,0,0,49.25,"1f482f92"
5,5,5,5,5,0,5,5,5,5,2.5,5,5,5,0,5,5,5,5,5,87.5,"25eb033f"
5,5,5,5,5,5,5,5,5,0,5,5,5,2,0,5,5,5,0,0,77,"72880d3e"
5,5,5,2,5,5,5,5,5,2.5,5,5,5,5,5,5,5,5,0,5,89.5,"1a0f8f40"
5,5,5,5,5,0,5,0,5,5,5,4,2,5,0,5,5,5,0,5,76,"7920db5a"
5,5,0,5,5,5,5,5,5,5,5,5,5,5,5,5,5,5,0,0,85,"afa28c60"
5,5,5,5,5,0,5,0,5,5,5,0,5,2,5,5,5,5,0,5,77,"263b0bb6"
NA,NA,NA,NA,NA,NA,NA,NA,NA,NA,NA,NA,NA,NA,NA,NA,NA,NA,NA,NA,NA,"ed82171e"
0,5,5,4,5,2,5,0,0,0,2.5,4,5,2,0,5,5,5,5,0,59.5,"b05c19c6"
5,5,5,0,5,0,0,0,5,5,5,5,5,2,0,5,5,0,0,0,57,"9b540aef"
5,5,5,3,5,0,5,0,0,0,2.5,5,0,0,0,0,0,0,0,0,35.5,"88364e5"
5,5,5,3.5,5,0,0,0,5,5,5,5,5,2,5,5,5,5,5,0,75.5,"14531f0f"
NA,NA,NA,NA,NA,NA,NA,NA,NA,NA,NA,NA,NA,NA,NA,NA,NA,NA,NA,NA,NA,"9694b658"
5,5,5,5,5,0,2.5,5,5,5,5,0,5,2,5,5,5,5,5,0,79.5,"c6ce26fa"
NA,NA,NA,NA,NA,NA,NA,NA,NA,NA,NA,NA,NA,NA,NA,NA,NA,NA,NA,NA,NA,"dcb84ede"
5,0,5,3.5,5,2,5,0,5,5,5,5,5,5,5,5,5,5,5,5,85.5,"5e0ef579"
5,5,5,0,0,0,0,0,0,0,0,0,0,0,0,0,0,0,0,0,15,"5d477418"
NA,NA,NA,NA,NA,NA,NA,NA,NA,NA,NA,NA,NA,NA,NA,NA,NA,NA,NA,NA,NA,"593d3d20"
5,5,0,5,5,2,2.5,5,5,2.5,5,5,5,2,3.75,5,5,5,5,0,77.75,"e7a331ca"
5,5,5,5,5,5,5,5,5,5,5,5,5,0,3.75,5,5,5,5,5,93.75,"bdfa4d8f"
5,5,5,4,5,2,5,5,5,2.5,5,5,5,1,5,5,5,0,0,0,74.5,"bdcc6444"
NA,NA,NA,NA,NA,NA,NA,NA,NA,NA,NA,NA,NA,NA,NA,NA,NA,NA,NA,NA,NA,"b67fe6cb"
5,5,5,5,5,0,0,5,5,5,2.5,5,2,2,5,5,5,5,5,5,81.5,"b7d431da"
5,5,5,5,5,2,5,5,5,2.5,5,4,5,1,5,5,5,5,5,5,89.5,"ddcaadb"
5,5,0,1,5,0,2.5,5,5,5,5,0,0,0,5,5,0,5,5,0,58.5,"3d562671"
0,0,0,0,0,0,0,0,0,0,0,0,0,0,0,0,0,0,0,0,0,"6ca8f520"
5,5,5,5,5,2,5,5,5,2.5,5,5,5,5,5,5,5,5,0,5,89.5,"16b4a896"
0,2.5,0,3,5,5,5,5,5,2.5,5,5,2,2,5,0,5,5,0,5,67,"4273666a"
5,5,5,5,5,0,5,5,5,5,5,5,5,5,5,5,5,5,5,5,95,"dcbb1924"
5,5,5,1,5,0,0,5,0,5,2.5,0,3,5,2.5,5,5,0,0,0,54,"6ccb91ca"
5,5,5,3.5,5,0,5,5,0,0,2.5,5,0,2,2.5,5,5,5,5,0,65.5,"ded0e0e0"
2.5,5,0,4,5,2,5,0,5,2.5,5,5,5,5,3.75,5,5,5,5,0,74.75,"a85bc6a"
5,5,0,4.5,5,2,0,5,5,5,5,1,5,5,5,5,5,5,0,0,72.5,"ad54f78b"
5,5,0,3,5,0,5,5,5,0,2.5,5,3,2,5,5,5,5,0,0,65.5,"fa3c13ce"
2.5,5,0,2.5,0,0,0,0,0,2.5,0,0,0,0,1.25,0,0,0,0,0,13.75,"5f869a86"
NA,NA,NA,NA,NA,NA,NA,NA,NA,NA,NA,NA,NA,NA,NA,NA,NA,NA,NA,NA,NA,"43f317b5"
5,5,0,3,0,0,5,5,5,0,5,0,5,2,5,0,5,5,0,5,60,"a31d9b1c"
5,5,5,5,5,5,5,5,5,5,5,5,5,4,5,5,5,5,5,5,99,"71a826bc"
5,5,5,5,5,2,5,5,5,2.5,5,5,5,5,5,5,5,5,5,5,94.5,"713329ed"
5,5,0,4,5,0,0,0,5,5,5,5,2,0,0,5,5,5,0,0,56,"c0ae22e"
5,5,5,5,5,2,5,5,5,5,2.5,5,5,5,0,5,5,5,0,0,79.5,"93a8be2"
2.5,0,0,3.5,0,0,0,0,5,2.5,5,5,2,0,0,0,0,0,0,0,25.5,"1aa9b690"
NA,NA,NA,NA,NA,NA,NA,NA,NA,NA,NA,NA,NA,NA,NA,NA,NA,NA,NA,NA,NA,"4c524f3"
5,5,5,4,5,0,5,5,5,5,5,5,5,5,5,5,5,5,5,5,94,"fef4a32f"
5,0,5,5,5,0,5,5,5,5,5,5,5,2,5,5,5,5,5,5,87,"734a85c2"
5,5,5,0,5,0,5,0,5,0,2.5,5,5,2,5,5,5,5,0,0,64.5,"75f74288"
5,5,0,2,5,0,0,0,5,5,5,5,5,2,3.75,5,5,0,0,0,57.75,"b269fc65"
5,5,0,2,5,0,0,5,5,2.5,2.5,4,0,0,5,5,5,0,0,0,51,"22170ec5"
NA,NA,NA,NA,NA,NA,NA,NA,NA,NA,NA,NA,NA,NA,NA,NA,NA,NA,NA,NA,NA,"d8968318"
5,5,5,5,5,2,5,5,5,5,2.5,5,5,5,5,5,5,5,5,0,89.5,"c3da2b8a"
5,5,0,3,5,2,5,5,5,5,5,5,5,5,5,5,5,5,5,5,90,"5bd9a822"
5,5,5,4,5,5,0,5,5,5,5,5,5,1,2.5,5,5,5,5,5,87.5,"2d7fa09f"
5,5,5,5,5,0,5,5,5,2.5,1.25,5,5,2,2.5,5,5,5,5,0,78.25,"3be75742"
NA,NA,NA,NA,NA,NA,NA,NA,NA,NA,NA,NA,NA,NA,NA,NA,NA,NA,NA,NA,NA,"2173f284"
5,5,5,5,5,5,5,5,5,2.5,5,5,5,2,2.5,5,5,5,5,0,87,"dcd6d5fd"
5,5,5,3,5,2,5,5,5,2.5,1.25,5,0,0,0,5,5,5,5,0,68.75,"e18d0a63"
5,5,5,5,5,2,5,0,5,5,5,5,5,5,5,5,5,0,5,0,82,"cac5e6bf"
5,5,5,5,5,2,5,5,5,5,5,5,5,5,0,5,5,5,0,0,82,"907d00e2"
5,5,5,5,5,0,5,0,5,5,5,5,5,5,0,5,5,5,5,5,85,"1f119ac6"
5,5,0,3,5,2,0,5,5,5,5,5,5,2,5,5,5,5,0,0,72,"d0c99bbd"
5,5,5,3,5,2,0,5,0,5,5,1,5,0,5,5,5,5,5,0,71,"4de444b4"
5,5,5,5,5,0,5,5,5,5,5,5,5,2,5,5,5,5,5,5,92,"c5328210"
2.5,5,5,5,5,5,5,5,5,2.5,5,5,0,5,0,5,5,5,5,5,85,"df5262e7"
5,5,5,2.5,5,0,5,0,5,5,2.5,5,2,5,5,5,5,5,5,5,82,"f15b4e05"
NA,NA,NA,NA,NA,NA,NA,NA,NA,NA,NA,NA,NA,NA,NA,NA,NA,NA,NA,NA,NA,"40db2fe"
2.5,5,5,3.5,5,0,5,5,5,5,2.5,0,5,5,5,5,5,5,0,0,73.5,"fb18131b"
5,5,5,5,0,0,0,5,5,5,5,5,2,2,5,5,5,5,5,0,74,"f253e1d2"
5,5,5,3.5,5,2,5,0,5,5,5,5,5,2,5,5,5,5,0,5,82.5,"9a4e48b0"
5,5,5,5,5,5,5,5,5,5,5,5,5,5,5,5,5,0,0,5,90,"6969b85b"
5,5,5,5,5,5,5,0,5,5,5,5,5,2,5,5,5,5,5,5,92,"e530a3b5"
5,5,0,5,5,0,5,5,0,5,1.25,5,5,5,2.5,5,5,0,0,0,63.75,"c602c1c2"
5,0,5,5,5,5,5,5,5,5,5,5,5,2,5,5,5,5,5,5,92,"206d4e12"
5,5,5,4,0,2,0,0,5,0,1.25,0,2,0,0,5,5,0,5,0,44.25,"ece455ea"
0,5,0,4,5,0,5,5,5,0,2.5,5,0,1,2.5,5,5,0,5,0,55,"1ec0e3f3"
5,5,0,4,5,2,5,5,5,2.5,2.5,1,2,2,3.75,5,5,5,0,5,69.75,"cbf047e5"
NA,NA,NA,NA,NA,NA,NA,NA,NA,NA,NA,NA,NA,NA,NA,NA,NA,NA,NA,NA,NA,"40f86ff7"
5,5,5,5,5,0,5,0,5,5,5,5,5,5,2.5,5,5,5,0,0,77.5,"7ef598b"
5,5,0,5,5,2,0,0,5,0,5,5,5,5,5,5,5,0,0,0,62,"29c8dfdc"
2.5,5,5,4,5,0,5,5,5,5,5,5,5,5,5,5,5,5,5,0,86.5,"bf62fbd7"
5,5,5,5,5,2,5,5,5,5,5,5,0,5,5,5,5,5,5,5,92,"8cac7cb4"
5,5,5,4,5,2,5,0,5,2.5,5,5,2,5,5,5,5,0,5,5,80.5,"61174856"
2.5,0,5,4.5,5,0,5,5,5,5,2.5,1,5,5,5,5,5,0,0,5,70.5,"6bd1da7a"
NA,NA,NA,NA,NA,NA,NA,NA,NA,NA,NA,NA,NA,NA,NA,NA,NA,NA,NA,NA,NA,"fdf28bf"
0,5,5,0,0,0,0,0,0,0,2.5,0,0,0,3.75,5,0,0,0,0,21.25,"b6a9ca57"
NA,NA,NA,NA,NA,NA,NA,NA,NA,NA,NA,NA,NA,NA,NA,NA,NA,NA,NA,NA,NA,"ae4a8046"
NA,NA,NA,NA,NA,NA,NA,NA,NA,NA,NA,NA,NA,NA,NA,NA,NA,NA,NA,NA,NA,"88229d2f"
5,0,5,1,5,2,0,5,5,2.5,0,4,3,5,0,5,5,5,5,0,62.5,"9a1271f0"
5,5,5,5,5,5,5,5,5,5,5,5,5,5,0,5,5,5,5,5,95,"3ce3299f"
5,5,5,5,5,2,5,0,5,5,5,5,5,5,5,5,5,5,5,5,92,"7bc12fde"
0,5,0,3.5,0,0,0,5,0,5,5,0,5,0,5,5,5,5,0,0,48.5,"c8a00c4a"
5,5,5,4,5,2,5,0,0,0,5,1,2,2,5,5,5,0,5,0,61,"9d725a07"
5,5,5,5,5,5,0,5,5,0,2.5,5,5,5,2.5,5,5,5,0,5,80,"5f5ae0e0"
5,2.5,0,0,0,0,0,0,5,0,1.25,0,0,0,0,0,0,0,0,0,13.75,"eeeea3ef"
5,5,5,5,5,0,5,5,5,5,5,5,0,5,5,5,5,5,5,0,85,"62714196"
5,5,5,5,5,5,2.5,0,5,5,5,5,5,4,5,5,5,0,5,0,81.5,"ae972d3a"
5,5,5,5,5,5,5,0,5,5,5,5,5,4,5,5,5,5,5,5,94,"574e2397"
5,5,0,5,0,0,5,5,5,5,0,5,5,5,5,5,5,0,5,0,70,"9a9ae295"
5,5,5,4,5,2,5,5,5,5,5,5,5,5,5,5,5,5,5,5,96,"782eb49e"
5,5,5,5,5,5,5,5,5,2.5,5,5,5,5,5,5,5,5,5,5,97.5,"760b660d"
5,5,0,5,5,2,5,5,5,5,5,5,5,2,5,5,5,0,0,0,74,"adab16f2"
5,5,0,3,5,2,0,5,0,0,5,5,5,5,5,5,5,5,0,5,70,"ee5f1550"
5,5,5,5,5,5,0,0,5,5,5,5,5,5,5,5,5,5,5,5,90,"91afdb23"
0,0,0,0,0,0,0,0,0,0,0,0,0,0,0,0,0,0,0,0,0,"6b5c13f4"
5,5,5,5,5,2,5,5,5,5,5,5,5,5,5,5,5,5,0,5,92,"1f8899b"
5,5,5,5,5,2,5,5,5,5,2.5,5,5,4,5,5,5,5,5,0,88.5,"21d3462a"
2.5,5,0,3,0,0,0,0,0,0,0,0,0,0,0,0,0,0,0,0,10.5,"d0be3f5e"
5,5,5,5,5,5,5,5,5,5,5,5,5,5,5,5,5,5,5,5,100,"2486ab8f"
NA,NA,NA,NA,NA,NA,NA,NA,NA,NA,NA,NA,NA,NA,NA,NA,NA,NA,NA,NA,NA,"1eb67bc1"
5,5,5,3,5,2,5,5,5,5,2.5,5,2,0,5,5,5,5,5,5,84.5,"d6539abf"
0,0,0,0,0,0,0,0,0,0,0,0,0,0,0,0,0,0,0,0,0,"76dee865"
NA,NA,NA,NA,NA,NA,NA,NA,NA,NA,NA,NA,NA,NA,NA,NA,NA,NA,NA,NA,NA,"4c0036d1"
NA,NA,NA,NA,NA,NA,NA,NA,NA,NA,NA,NA,NA,NA,NA,NA,NA,NA,NA,NA,NA,"b89e55b3"
5,5,5,5,5,5,5,5,5,5,5,5,5,2,5,5,5,5,5,5,97,"37f8f490"
NA,NA,NA,NA,NA,NA,NA,NA,NA,NA,NA,NA,NA,NA,NA,NA,NA,NA,NA,NA,NA,"f62bdb5d"
NA,NA,NA,NA,NA,NA,NA,NA,NA,NA,NA,NA,NA,NA,NA,NA,NA,NA,NA,NA,NA,"c7f00019"
5,5,0,2,5,5,0,5,5,5,5,5,3,0,5,5,5,5,0,5,75,"2769d75"
5,5,5,3,5,0,5,5,5,5,5,5,5,2,5,5,5,0,0,0,75,"5fbd1a14"
5,5,0,3.5,5,0,0,5,0,2.5,5,5,5,2,5,5,5,5,0,0,63,"b4981f5e"
5,2.5,5,3.5,0,2,5,5,0,5,1.25,0,0,5,5,5,5,0,0,0,54.25,"8a628c29"
5,0,5,5,5,0,5,5,5,2.5,2.5,5,2,2,5,5,5,0,0,5,69,"7e4db466"
5,5,0,1.5,5,5,5,5,5,5,2.5,5,2,2,5,5,5,5,0,0,73,"e1d933c6"
5,5,5,4.5,5,0,5,5,5,2.5,5,5,2,5,5,5,5,0,5,5,84,"5d1f100f"
5,5,5,5,5,5,0,0,5,0,5,0,5,2,5,0,5,5,5,0,67,"a7362fc0"
2.5,5,5,5,5,0,5,5,5,5,5,5,5,2,5,5,5,5,0,0,79.5,"db337f34"
5,5,0,0,0,0,5,0,0,5,5,0,5,2,5,5,5,5,0,0,52,"c45aeee1"
2.5,5,0,0,5,0,0,5,5,5,5,4,2,0,0,5,5,0,0,0,48.5,"1801ea71"
5,0,5,4.5,5,0,0,0,5,0,5,5,2,4,5,5,5,5,5,0,65.5,"ca853abb"
NA,NA,NA,NA,NA,NA,NA,NA,NA,NA,NA,NA,NA,NA,NA,NA,NA,NA,NA,NA,NA,"cf4db8a3"
5,5,5,5,5,5,5,5,5,5,2.5,5,5,5,5,5,5,0,0,5,87.5,"fdc48d00"
5,5,5,5,5,2,5,5,5,2.5,5,5,2,2,5,5,5,5,5,0,83.5,"887b8be5"
5,5,5,4,5,0,5,5,5,5,5,5,5,5,5,5,5,5,5,5,94,"5a1c9171"
5,5,5,5,5,2,2.5,5,5,5,5,5,5,5,5,5,5,5,0,0,84.5,"5a8d9e4a"
5,5,5,2.5,0,0,0,0,0,2.5,5,0,3,0,5,5,5,5,0,5,53,"d19f906e"
NA,NA,NA,NA,NA,NA,NA,NA,NA,NA,NA,NA,NA,NA,NA,NA,NA,NA,NA,NA,NA,"f0d8e84f"
5,0,5,5,0,2,5,0,0,0,2.5,5,5,5,5,5,5,0,5,0,59.5,"7432b5b8"
NA,NA,NA,NA,NA,NA,NA,NA,NA,NA,NA,NA,NA,NA,NA,NA,NA,NA,NA,NA,NA,"f0214a2b"
5,5,5,4,5,0,5,0,5,5,5,5,5,2,5,5,5,5,0,0,76,"4d44be16"
5,0,5,5,5,0,5,0,5,0,5,5,2,5,2.5,5,5,5,5,5,74.5,"5ec0e199"
5,5,0,2,5,5,0,5,5,5,1.25,5,0,2,3.75,5,5,0,0,0,59,"3ba2549"
2.5,5,5,5,5,5,5,0,5,2.5,5,5,2,5,5,5,5,5,0,0,77,"5026e34e"
5,5,5,5,5,5,5,5,5,5,5,5,5,3,5,5,5,5,5,0,93,"ee1e3be6"
5,5,5,5,5,5,5,5,5,5,5,5,5,5,5,5,5,5,5,5,100,"554f522b"
5,5,5,5,5,0,5,0,0,2.5,2.5,0,5,2,2.5,0,5,0,0,0,49.5,"4b7b6a3c"
5,5,5,5,5,2,2.5,5,5,5,5,5,5,5,5,5,5,0,5,0,84.5,"e27c87bf"
5,5,5,5,5,2,5,5,5,5,5,5,5,2,3.75,5,5,5,5,5,92.75,"90e5962a"
5,0,0,0,0,0,0,0,0,0,0,0,0,0,0,0,0,0,0,0,5,"c0cee176"
NA,NA,NA,NA,NA,NA,NA,NA,NA,NA,NA,NA,NA,NA,NA,NA,NA,NA,NA,NA,NA,"82727ff4"
5,5,5,5,5,5,5,5,5,2.5,5,5,5,2,5,5,5,5,5,5,94.5,"c9eb106f"
5,5,0,5,0,2,5,0,5,5,1.25,5,2,2,0,5,5,5,0,0,57.25,"4ab6d5bc"
5,5,5,5,5,2,5,0,5,0,0,5,0,1,0,5,5,0,0,0,53,"4a53ff61"
5,5,5,5,5,0,5,0,5,2.5,5,5,5,5,5,5,5,5,5,0,82.5,"f43f1835"
NA,NA,NA,NA,NA,NA,NA,NA,NA,NA,NA,NA,NA,NA,NA,NA,NA,NA,NA,NA,NA,"4400653"
5,0,5,5,5,2,5,5,5,5,5,4,5,5,0,5,5,5,5,5,86,"ce5a4b39"
2.5,5,5,3.5,0,2,5,0,5,0,3.75,5,2,0,5,5,5,5,5,0,63.75,"d2ad2064"
5,5,0,2,5,0,0,5,5,2.5,5,1,5,5,5,5,5,5,0,0,65.5,"73d58154"
NA,NA,NA,NA,NA,NA,NA,NA,NA,NA,NA,NA,NA,NA,NA,NA,NA,NA,NA,NA,NA,"3e41ce16"
5,5,5,5,5,2,5,0,5,5,5,5,5,5,0,5,5,5,5,5,87,"2aaceba7"
5,5,0,2,5,2,5,5,5,0,5,5,2,2,5,5,5,5,5,0,73,"3f998d4e"
5,5,5,4,5,0,5,5,5,5,5,5,5,5,5,5,5,5,0,0,84,"1ccd49cb"
5,5,5,1,5,0,0,5,5,0,2.5,0,5,2,1.25,5,5,0,0,0,51.75,"b615d5b1"
5,5,5,5,5,0,5,5,5,5,5,5,5,5,5,5,5,5,5,5,95,"20d6f8c7"
2.5,5,0,4,5,0,0,5,5,5,5,0,5,5,0,5,5,5,0,0,61.5,"5902e4a"
5,5,5,5,5,0,5,5,5,5,3.75,5,5,5,5,5,5,5,5,5,93.75,"1b6a02bd"
5,0,5,3.5,0,2,5,0,5,2.5,5,5,2,2,2.5,5,5,5,5,0,64.5,"2b82d62c"
2.5,5,0,5,5,2,5,0,5,5,2.5,1,5,2,0,5,5,0,5,0,60,"4c95ce9"
5,5,5,5,5,2,5,5,5,5,5,5,5,2,0,5,5,0,5,5,84,"8a0f40f0"
5,5,5,4,5,2,5,5,5,5,5,5,5,5,5,5,5,5,0,0,86,"ef2f4784"
5,5,5,3.5,5,5,5,5,5,5,5,5,5,5,0,5,5,5,0,5,88.5,"25dad557"
NA,NA,NA,NA,NA,NA,NA,NA,NA,NA,NA,NA,NA,NA,NA,NA,NA,NA,NA,NA,NA,"b94870bb"
NA,NA,NA,NA,NA,NA,NA,NA,NA,NA,NA,NA,NA,NA,NA,NA,NA,NA,NA,NA,NA,"968a1bc6"
2.5,5,0,3.5,5,0,2.5,0,5,0,2.5,5,5,1,5,5,5,5,0,0,57,"aa56ca4b"
5,5,0,5,5,2,5,5,5,0,5,5,5,2,5,5,5,5,0,0,74,"263231db"
5,5,0,0,0,2,0,0,5,5,5,1,5,4,5,5,5,5,5,5,67,"5d2e2bf5"
5,5,5,5,5,0,5,5,5,0,5,5,2,2,5,5,0,5,0,0,69,"5e6c2d2d"
5,5,5,4,5,5,5,5,5,2.5,5,5,5,2,0,5,5,5,5,5,88.5,"b7024bd6"
0,5,5,0,5,0,0,0,0,0,2.5,0,0,1,0,5,5,5,0,0,33.5,"b2380181"
5,5,0,2.5,0,0,0,0,5,2.5,5,5,2,5,0,5,5,0,0,0,47,"a2c269eb"
5,5,5,5,5,5,5,5,5,2.5,2.5,5,5,2,5,5,5,5,0,5,87,"87ec44a9"
5,5,5,4,5,0,5,5,5,0,5,5,2,5,0,5,5,5,5,0,76,"a1e2ff32"
5,5,0,5,5,2,5,5,5,5,5,5,5,5,5,5,5,5,5,0,87,"ba9199d"
2.5,5,5,5,0,2,0,5,5,2.5,5,5,0,0,5,5,5,5,0,0,62,"9ee10f8f"
5,5,5,4,5,0,5,5,5,5,2.5,1,0,5,5,5,5,0,5,0,72.5,"d9c88e77"
5,0,5,4,5,0,5,5,5,2.5,1.25,5,0,0,0,0,0,0,0,0,42.75,"abf209d7"
5,5,0,0,0,0,5,5,5,2.5,5,5,5,2,5,5,5,5,0,0,64.5,"370ad14d"
5,5,5,1,5,0,5,0,0,5,1.25,5,5,5,0,5,5,0,0,0,57.25,"b532ba92"
NA,NA,NA,NA,NA,NA,NA,NA,NA,NA,NA,NA,NA,NA,NA,NA,NA,NA,NA,NA,NA,"38e4c42e"
5,5,5,4,5,5,5,5,5,5,5,5,5,5,5,5,5,5,5,0,94,"233d264c"
5,5,5,5,5,0,5,5,5,5,2.5,5,5,2,5,5,5,5,5,5,89.5,"6c9766e9"
5,5,5,5,5,2,0,5,5,5,5,4,5,2,5,0,5,5,5,5,83,"e4bd2da3"
5,5,5,5,0,0,5,5,5,0,5,5,5,5,5,5,5,5,0,5,80,"ae96fc79"
5,5,5,5,0,0,5,5,5,2.5,0,0,0,0,0,0,0,0,0,0,37.5,"4d7e9eb"
5,5,5,5,5,2,5,0,5,5,5,5,5,5,5,5,5,5,0,0,82,"5da41b81"
5,5,5,5,5,5,5,5,5,5,5,5,5,2,5,5,5,5,0,5,92,"3496de44"
2.5,5,5,5,5,0,5,5,5,0,5,5,5,5,5,5,5,5,5,5,87.5,"33a227dd"
5,5,0,4,5,0,5,5,5,0,5,5,2,2,5,5,5,5,0,0,68,"a8384a95"
5,5,5,3,5,2,0,5,5,5,5,5,5,5,5,5,5,5,5,5,90,"4ea560f7"
5,0,0,3,0,0,0,0,0,0,0,0,0,0,0,0,0,0,0,0,8,"881ee21e"
5,5,5,2,5,0,2.5,5,5,2.5,5,5,5,0,0,5,5,5,0,0,67,"d5b229a3"
5,5,5,5,5,0,5,0,5,5,5,1,2,5,2.5,5,5,5,0,0,70.5,"f9d0e419"
5,5,5,5,5,2,5,5,5,5,5,5,0,0,5,5,5,5,5,5,87,"e3a2ea07"
NA,NA,NA,NA,NA,NA,NA,NA,NA,NA,NA,NA,NA,NA,NA,NA,NA,NA,NA,NA,NA,"6823f552"
5,5,5,4,5,0,0,5,5,5,5,5,5,4,5,5,5,5,5,0,83,"951c7958"
5,5,0,5,5,0,0,5,5,5,5,5,2,5,0,0,0,0,0,0,52,"a84fcd87"
0,5,0,3,5,5,5,5,5,2.5,5,5,5,2,5,5,5,0,0,5,72.5,"fd00cf1a"
5,5,5,4,5,0,5,5,5,5,5,5,5,5,5,5,5,5,5,5,94,"7d2736eb"
NA,NA,NA,NA,NA,NA,NA,NA,NA,NA,NA,NA,NA,NA,NA,NA,NA,NA,NA,NA,NA,"344530c0"
NA,NA,NA,NA,NA,NA,NA,NA,NA,NA,NA,NA,NA,NA,NA,NA,NA,NA,NA,NA,NA,"7d29062b"
5,5,5,5,5,5,5,5,5,5,5,0,5,2,5,5,5,5,0,5,87,"c450f04e"
5,5,5,5,5,5,5,0,5,5,5,5,5,5,5,5,5,5,5,5,95,"da2b00d0"
5,5,0,1,5,5,5,5,5,2.5,2.5,5,5,5,5,5,5,0,0,0,71,"e7e7b099"
5,5,0,5,5,0,5,5,5,2.5,5,4,5,5,5,5,5,0,5,0,76.5,"3827af68"
5,5,5,5,5,0,5,0,5,2.5,5,5,5,5,5,5,5,5,0,5,82.5,"c0df6308"
NA,NA,NA,NA,NA,NA,NA,NA,NA,NA,NA,NA,NA,NA,NA,NA,NA,NA,NA,NA,NA,"837ad342"
5,0,5,4,5,2,5,5,5,5,5,0,5,2,0,0,0,0,0,0,53,"65fa4d48"
0,2.5,0,4,0,0,0,0,5,0,5,1,2,0,0,5,5,5,0,0,34.5,"a9373a71"
2.5,5,0,2.5,5,2,0,0,0,2.5,1.25,0,0,0,0,5,5,0,5,0,35.75,"80758336"
5,5,5,3,5,5,5,0,5,5,5,5,5,5,5,5,5,5,5,0,88,"168222c3"
5,5,0,3.5,5,2,5,5,5,5,5,5,0,2,2.5,0,0,0,0,5,60,"72df9036"
5,0,5,5,5,2,5,5,5,0,0,1,5,2,5,5,5,5,5,0,70,"f24aab73"
5,5,5,5,5,2,5,5,5,5,5,5,0,5,5,5,5,5,5,0,87,"427195b2"
NA,NA,NA,NA,NA,NA,NA,NA,NA,NA,NA,NA,NA,NA,NA,NA,NA,NA,NA,NA,NA,"caefc7a2"
5,5,0,1,0,2,0,0,5,0,2.5,1,0,2,0,0,0,0,0,0,23.5,"60c98670"
5,0,5,4,5,0,5,5,5,2.5,5,0,5,5,2.5,5,5,0,5,0,69,"3696fed4"
5,5,5,5,0,0,5,5,5,2.5,3.75,5,5,5,5,5,5,0,5,5,81.25,"dcc8e090"
5,5,5,5,5,0,5,0,5,5,1.25,5,5,2,3.75,5,5,0,5,5,77,"ccf88f41"
5,5,5,4.5,5,3,5,0,5,5,5,5,0,5,2.5,0,5,5,5,5,80,"1059aee9"
5,5,5,4,5,5,5,5,5,5,5,5,5,5,0,5,5,5,5,5,94,"49bcd9a"
5,5,5,5,0,0,0,0,5,0,5,5,0,2,2.5,0,0,0,0,0,39.5,"7999c8c7"
5,5,0,0,0,0,5,0,5,2.5,5,5,3,0,0,5,5,0,0,0,45.5,"8df2e928"
0,0,0,0,0,0,0,0,0,0,0,0,0,0,0,0,0,0,0,0,0,"3e2bfd6c"
NA,NA,NA,NA,NA,NA,NA,NA,NA,NA,NA,NA,NA,NA,NA,NA,NA,NA,NA,NA,NA,"673e2fc2"
5,5,5,5,5,2,5,5,5,2.5,5,5,5,5,5,5,5,5,5,5,94.5,"32fe9766"
5,5,5,4.5,5,2,5,5,5,2.5,5,5,0,5,5,5,5,5,0,5,84,"3bcf6815"
NA,NA,NA,NA,NA,NA,NA,NA,NA,NA,NA,NA,NA,NA,NA,NA,NA,NA,NA,NA,NA,"cb05f066"
5,5,0,3,5,2,2.5,5,5,5,2.5,5,5,2,5,5,5,0,0,0,67,"48734584"
5,5,5,4.5,5,0,5,5,0,0,0,5,2,2,0,0,0,0,0,0,43.5,"a722ece"
5,5,0,1,0,0,0,5,5,5,2.5,0,5,2,0,5,5,0,0,0,45.5,"92e8721e"
5,5,5,5,5,0,5,5,5,5,2.5,5,5,2,3.75,5,5,5,5,5,88.25,"2f1b38b7"
5,0,0,1,0,5,2.5,5,5,5,5,5,5,2,5,5,5,5,0,0,65.5,"67722842"
5,5,5,5,5,5,5,5,5,5,5,5,5,5,5,5,5,5,5,5,100,"33fb3117"
5,5,0,4,5,2,5,0,5,2.5,2.5,5,0,0,0,0,0,0,0,0,41,"37b4bd1c"
NA,NA,NA,NA,NA,NA,NA,NA,NA,NA,NA,NA,NA,NA,NA,NA,NA,NA,NA,NA,NA,"6078133e"
5,5,5,3,5,2,5,5,5,2.5,2.5,5,5,1,5,5,5,5,5,5,86,"d32c8001"
5,5,5,4,5,5,0,5,5,2.5,5,5,5,5,5,5,5,5,5,5,91.5,"7c72073f"
5,5,5,4,5,2,5,5,5,5,5,5,5,2,5,5,5,5,0,0,83,"8d949925"
5,5,5,5,5,2,5,0,5,5,5,5,5,1,0,5,5,5,0,0,73,"452589c4"
5,5,5,4,5,0,0,0,5,5,5,5,5,2,5,5,5,0,0,0,66,"69af0999"
5,2.5,5,4,5,0,5,0,5,5,5,4,5,5,5,5,5,0,0,5,75.5,"a3586892"
NA,NA,NA,NA,NA,NA,NA,NA,NA,NA,NA,NA,NA,NA,NA,NA,NA,NA,NA,NA,NA,"ded015ee"
2.5,5,0,5,5,2,5,5,0,5,0,5,5,2,5,5,5,5,5,0,71.5,"76fd1e87"
5,5,0,0,5,0,0,5,0,0,5,1,5,2,5,5,5,5,0,0,53,"fa05e0eb"
NA,NA,NA,NA,NA,NA,NA,NA,NA,NA,NA,NA,NA,NA,NA,NA,NA,NA,NA,NA,NA,"778ae560"
2.5,5,5,5,0,2,5,5,5,5,5,5,5,0,5,5,5,0,0,0,69.5,"2bbba566"
5,5,5,5,5,5,5,5,5,5,5,5,5,5,5,5,5,5,5,5,100,"32b2b317"
5,5,5,5,5,2,5,5,5,5,2.5,5,5,2,5,5,5,5,0,0,81.5,"81c13066"
5,5,0,4,5,0,2.5,5,0,5,5,5,5,2,2.5,5,5,5,0,0,66,"38cb524a"
2.5,5,0,2,5,2,5,5,5,2.5,5,5,5,2,2.5,5,5,0,0,0,63.5,"129cd343"
NA,NA,NA,NA,NA,NA,NA,NA,NA,NA,NA,NA,NA,NA,NA,NA,NA,NA,NA,NA,NA,"de9348ef"
NA,NA,NA,NA,NA,NA,NA,NA,NA,NA,NA,NA,NA,NA,NA,NA,NA,NA,NA,NA,NA,"1c601a30"
5,5,5,3,5,0,2.5,5,5,5,5,5,5,2,0,5,5,0,0,0,67.5,"7a9b7fe6"
5,5,0,5,5,0,5,0,5,5,5,5,5,5,2.5,5,5,0,0,5,72.5,"f6ce1c12"
5,5,0,3,5,2,2.5,0,5,2.5,5,5,2,2,5,5,5,5,0,0,64,"25613512"
5,5,0,1,5,5,5,5,5,0,5,0,5,5,0,5,5,0,5,0,66,"41b3f3bd"
5,5,5,5,5,5,5,5,5,5,2.5,5,3,0,5,5,5,5,0,5,85.5,"1c18e452"
2.5,5,5,5,5,0,5,5,5,5,5,5,5,5,5,5,5,5,5,5,92.5,"919f9204"
5,5,0,5,5,3,0,0,5,2.5,1.25,0,5,2,0,0,5,0,0,0,43.75,"5a594eaf"
5,5,0,5,5,2,5,5,5,5,2.5,5,5,5,5,5,5,5,0,0,79.5,"fc2e74a7"
5,5,5,5,5,0,5,5,5,5,5,5,5,5,5,5,5,5,5,5,95,"c2473f6"
2.5,2.5,0,5,5,2,0,5,0,0,5,0,0,0,5,0,0,5,0,0,37,"5182cd40"
5,5,5,5,5,2,5,5,5,5,5,0,5,0,5,5,5,5,0,5,82,"210e1801"
NA,NA,NA,NA,NA,NA,NA,NA,NA,NA,NA,NA,NA,NA,NA,NA,NA,NA,NA,NA,NA,"baf81db2"
NA,NA,NA,NA,NA,NA,NA,NA,NA,NA,NA,NA,NA,NA,NA,NA,NA,NA,NA,NA,NA,"5ea45921"
5,5,5,4.5,0,0,5,0,5,2.5,5,5,5,2,1.25,5,5,5,0,0,65.25,"d4696b91"
0,0,0,0,0,0,0,0,0,0,0,0,0,0,0,0,0,0,0,0,0,"2eafe61a"
5,5,5,5,0,0,0,5,5,5,5,0,5,0,5,5,5,5,5,0,70,"cb72f71b"
5,5,5,5,5,5,5,5,5,5,5,5,5,5,5,5,5,5,5,0,95,"da1abb45"
0,5,0,4,5,0,5,5,5,2.5,5,5,5,2,2.5,5,5,5,0,0,66,"42255f40"
NA,NA,NA,NA,NA,NA,NA,NA,NA,NA,NA,NA,NA,NA,NA,NA,NA,NA,NA,NA,NA,"be549584"
2.5,5,5,1,5,0,5,0,5,2.5,5,5,0,0,2.5,5,5,5,0,0,58.5,"491e6d5b"
5,5,0,3,5,2,5,5,5,5,5,5,5,5,5,5,5,0,0,0,75,"59a7d85f"
5,5,0,3.5,5,5,5,5,5,2.5,5,5,2,5,5,5,5,5,5,5,88,"5161ea8c"
2.5,0,0,0,5,0,5,5,0,2.5,2.5,5,2,1,3.75,0,5,5,0,0,44.25,"17c3e873"
NA,NA,NA,NA,NA,NA,NA,NA,NA,NA,NA,NA,NA,NA,NA,NA,NA,NA,NA,NA,NA,"ba2fae61"
5,5,5,3,5,2,5,5,5,5,5,5,2,2,3.75,5,5,5,0,5,82.75,"37f70d8f"
0,0,0,0,0,0,0,0,0,0,0,0,0,0,0,0,0,0,0,0,0,"64218f15"
NA,NA,NA,NA,NA,NA,NA,NA,NA,NA,NA,NA,NA,NA,NA,NA,NA,NA,NA,NA,NA,"d989035f"
2.5,5,0,5,0,0,0,5,5,0,5,5,2,4,0,0,0,0,0,0,38.5,"4e6987cf"
5,5,5,5,5,0,5,0,5,5,2.5,5,5,5,5,5,5,5,5,5,87.5,"2d70fa1e"
5,5,0,3,0,0,0,0,0,2.5,5,5,5,2,5,5,5,5,0,0,52.5,"4cf25d00"
5,5,5,5,5,5,5,5,5,5,5,5,5,5,5,5,5,5,5,5,100,"6bcb11de"
2.5,5,5,2,5,0,5,5,5,5,1.25,1,5,5,5,5,5,5,5,5,81.75,"567f11f9"
5,5,5,0,5,0,0,0,5,5,2.5,0,5,0,0,5,5,0,0,0,47.5,"59c2ffa8"
5,5,0,5,5,5,5,0,5,5,5,5,5,0,5,5,5,5,5,5,85,"7294e87a"
5,5,5,4,5,0,5,0,0,0,2.5,4,5,0,2.5,5,5,0,0,0,53,"7aa98b15"
5,5,0,0,5,0,0,5,0,2.5,2.5,0,0,0,0,0,0,0,0,0,25,"e45ea9f1"
NA,NA,NA,NA,NA,NA,NA,NA,NA,NA,NA,NA,NA,NA,NA,NA,NA,NA,NA,NA,NA,"4d79fdf6"
5,5,5,5,5,2,5,5,5,5,5,5,5,5,5,5,5,5,5,0,92,"834707f0"
NA,NA,NA,NA,NA,NA,NA,NA,NA,NA,NA,NA,NA,NA,NA,NA,NA,NA,NA,NA,NA,"b72b50cc"
NA,NA,NA,NA,NA,NA,NA,NA,NA,NA,NA,NA,NA,NA,NA,NA,NA,NA,NA,NA,NA,"fa1a1c59"
5,5,5,5,5,0,5,0,5,2.5,5,5,5,5,5,5,5,5,5,5,87.5,"309d3e8e"
5,5,0,4,5,5,0,5,5,2.5,5,1,5,0,5,5,5,0,5,0,67.5,"bb7fc55e"
0,0,0,0,0,0,0,0,0,0,0,0,0,0,0,0,0,0,0,0,0,"a2036986"
5,5,5,5,5,2,5,0,5,5,5,5,5,5,2.5,5,5,5,0,5,84.5,"c97596"
5,5,0,1,5,2,5,0,0,0,5,5,5,2,0,5,5,5,0,0,55,"bbc652a"
5,5,5,5,5,5,5,5,5,5,5,5,5,5,5,5,5,5,5,5,100,"befb585a"
5,5,5,4.5,5,2,5,5,5,0,5,5,5,5,5,5,5,5,0,5,86.5,"22146252"
5,5,5,4.5,0,0,0,0,5,2.5,5,1,2,0,0,5,5,0,0,0,45,"6399cddf"
2.5,2.5,0,5,5,5,5,5,5,2.5,5,1,2,0,2.5,5,5,0,0,0,58,"7dc4e429"
NA,NA,NA,NA,NA,NA,NA,NA,NA,NA,NA,NA,NA,NA,NA,NA,NA,NA,NA,NA,NA,"7d853f91"
NA,NA,NA,NA,NA,NA,NA,NA,NA,NA,NA,NA,NA,NA,NA,NA,NA,NA,NA,NA,NA,"a6e0e75a"
5,0,5,5,5,0,5,5,5,0,5,0,5,2,3.75,5,5,0,5,0,65.75,"b273da53"
2.5,5,5,5,5,0,5,0,5,5,2.5,1,2,1,5,5,5,5,5,0,69,"25d2be16"
2.5,5,5,5,5,2,2.5,5,5,5,5,5,2,5,5,5,5,5,0,0,79,"5040efb"
5,5,5,3,0,0,0,5,5,2.5,1.25,5,2,2,2.5,5,5,5,5,0,63.25,"75eb843d"
5,5,5,5,5,5,5,0,5,5,5,5,2,5,5,5,5,5,0,0,82,"edf24c5e"
5,5,0,4,5,5,5,5,5,5,5,5,5,2,5,5,5,5,0,0,81,"3f54f539"
5,5,5,4,5,0,0,0,5,5,5,5,5,2,5,5,5,0,0,5,71,"784f005d"
5,2.5,5,5,5,0,5,5,5,5,5,5,5,0,3.75,5,5,5,0,5,81.25,"19565d1c"
NA,NA,NA,NA,NA,NA,NA,NA,NA,NA,NA,NA,NA,NA,NA,NA,NA,NA,NA,NA,NA,"b2af4da7"
5,5,5,4,0,2,5,0,0,2.5,5,5,2,2,5,5,5,5,0,0,62.5,"20de8b1a"
NA,NA,NA,NA,NA,NA,NA,NA,NA,NA,NA,NA,NA,NA,NA,NA,NA,NA,NA,NA,NA,"d8a2ac05"
2.5,5,5,5,5,0,5,5,5,5,5,5,5,2,5,5,5,5,0,0,79.5,"7d437b5d"
5,5,5,3.5,5,2,5,5,5,5,5,5,5,2,5,5,5,5,0,0,82.5,"535763b8"
NA,NA,NA,NA,NA,NA,NA,NA,NA,NA,NA,NA,NA,NA,NA,NA,NA,NA,NA,NA,NA,"c340cef5"
5,5,5,5,0,2,5,5,5,2.5,5,5,5,5,5,5,5,5,5,5,89.5,"a5ada39f"
5,5,5,5,5,5,5,0,5,5,5,5,5,5,5,5,5,5,5,5,95,"71bbd775"
NA,NA,NA,NA,NA,NA,NA,NA,NA,NA,NA,NA,NA,NA,NA,NA,NA,NA,NA,NA,NA,"6ac8cfdf"
NA,NA,NA,NA,NA,NA,NA,NA,NA,NA,NA,NA,NA,NA,NA,NA,NA,NA,NA,NA,NA,"99a75e8e"
NA,NA,NA,NA,NA,NA,NA,NA,NA,NA,NA,NA,NA,NA,NA,NA,NA,NA,NA,NA,NA,"f904f53e"
2.5,5,0,2,5,0,0,0,0,2.5,1.25,0,2,2,0,5,0,0,0,0,27.25,"98162fc6"
5,5,5,4.5,5,2,5,0,5,0,5,5,5,0,5,5,5,5,0,0,71.5,"190604da"
5,0,5,3,5,0,5,0,5,2.5,5,5,5,2,5,5,5,5,0,0,67.5,"5b36546a"
NA,NA,NA,NA,NA,NA,NA,NA,NA,NA,NA,NA,NA,NA,NA,NA,NA,NA,NA,NA,NA,"af61b1b6"
2.5,5,5,5,5,2,5,5,5,5,5,5,5,5,5,5,5,5,0,0,84.5,"192ab025"
0,5,0,0,0,0,0,0,0,5,0,5,5,1,0,5,5,0,0,0,31,"9f286d37"
NA,NA,NA,NA,NA,NA,NA,NA,NA,NA,NA,NA,NA,NA,NA,NA,NA,NA,NA,NA,NA,"c59e4ea4"
5,5,5,5,5,5,5,5,5,5,5,5,5,5,5,5,5,5,5,0,95,"7738a88"
5,5,5,4.5,5,5,0,0,5,0,2.5,5,2,5,0,5,5,0,5,0,64,"df7c7350"
5,5,5,5,5,5,5,0,5,0,2.5,5,5,2,5,5,5,5,5,5,84.5,"59f2b68f"
5,5,5,4,5,2,5,5,5,5,2.5,5,5,5,5,5,5,5,5,5,93.5,"61d15a0a"
NA,NA,NA,NA,NA,NA,NA,NA,NA,NA,NA,NA,NA,NA,NA,NA,NA,NA,NA,NA,NA,"62db0605"
5,5,5,5,5,5,5,5,5,5,5,5,5,5,2.5,5,5,5,5,5,97.5,"182ab9b1"
5,5,0,4,5,0,5,5,5,5,5,5,5,2,5,5,5,5,5,5,86,"79d54f28"
5,5,5,5,5,0,5,5,5,5,5,5,5,5,5,5,5,0,5,0,85,"104c71c0"
NA,NA,NA,NA,NA,NA,NA,NA,NA,NA,NA,NA,NA,NA,NA,NA,NA,NA,NA,NA,NA,"f37b748f"
5,0,5,3,5,0,0,0,5,2.5,5,0,0,0,0,0,0,0,0,0,30.5,"583283a7"
5,5,0,2.5,5,0,2.5,5,5,5,2.5,5,2,5,2.5,5,5,5,5,0,72,"bdd19e20"
NA,NA,NA,NA,NA,NA,NA,NA,NA,NA,NA,NA,NA,NA,NA,NA,NA,NA,NA,NA,NA,"9a5fcace"
2.5,5,5,3,0,0,0,0,5,2.5,0,1,2,5,5,5,5,5,0,0,51,"5ced724a"
NA,NA,NA,NA,NA,NA,NA,NA,NA,NA,NA,NA,NA,NA,NA,NA,NA,NA,NA,NA,NA,"1a650738"
5,0,0,5,0,5,5,0,5,5,5,0,0,1,0,0,0,5,5,0,46,"4961cf04"
NA,NA,NA,NA,NA,NA,NA,NA,NA,NA,NA,NA,NA,NA,NA,NA,NA,NA,NA,NA,NA,"9446449d"
NA,NA,NA,NA,NA,NA,NA,NA,NA,NA,NA,NA,NA,NA,NA,NA,NA,NA,NA,NA,NA,"732d51ed"
5,5,5,2,5,0,5,5,5,5,5,1,0,0,5,5,5,5,5,0,73,"1eb2e8f5"
5,5,5,3.5,5,0,5,5,5,5,5,5,5,5,5,5,5,5,0,5,88.5,"9160508c"
5,5,5,5,5,0,2.5,5,5,5,5,5,5,5,5,5,5,5,5,5,92.5,"7654de48"
NA,NA,NA,NA,NA,NA,NA,NA,NA,NA,NA,NA,NA,NA,NA,NA,NA,NA,NA,NA,NA,"6c50ebfa"
NA,NA,NA,NA,NA,NA,NA,NA,NA,NA,NA,NA,NA,NA,NA,NA,NA,NA,NA,NA,NA,"c04c9feb"
5,5,5,5,5,5,5,5,5,5,5,5,5,5,5,5,5,5,5,5,100,"cbe706e9"
NA,NA,NA,NA,NA,NA,NA,NA,NA,NA,NA,NA,NA,NA,NA,NA,NA,NA,NA,NA,NA,"ba8d6978"
5,5,0,4,5,5,0,5,5,2.5,2.5,5,5,2,2.5,5,5,5,0,0,68.5,"f25de5de"
NA,NA,NA,NA,NA,NA,NA,NA,NA,NA,NA,NA,NA,NA,NA,NA,NA,NA,NA,NA,NA,"d8890acb"
5,5,5,5,5,5,5,0,5,2.5,5,5,2,1,5,5,5,5,5,0,80.5,"2832f529"
5,5,5,5,5,0,5,5,5,0,5,5,5,5,1.25,5,5,5,5,0,81.25,"3cc3fde6"
NA,NA,NA,NA,NA,NA,NA,NA,NA,NA,NA,NA,NA,NA,NA,NA,NA,NA,NA,NA,NA,"6ce3f80d"
NA,NA,NA,NA,NA,NA,NA,NA,NA,NA,NA,NA,NA,NA,NA,NA,NA,NA,NA,NA,NA,"53809e67"
5,0,5,0,0,2,5,5,0,0,1.25,4,0,0,1.25,0,0,5,0,0,33.5,"28f14890"
5,5,5,5,5,2,5,5,5,0,2.5,5,5,2,5,5,5,5,0,0,76.5,"e301dfac"
0,0,0,0,0,0,0,0,0,0,0,0,0,0,0,0,0,0,0,0,0,"6ee49c3c"
5,5,0,3,5,2,0,0,5,2.5,2.5,1,5,2,0,5,5,5,0,0,53,"87e0514e"
0,0,0,0,0,0,0,0,0,0,0,0,0,0,0,0,0,0,0,0,0,"1b1afa63"
5,5,0,3,5,0,0,5,5,5,5,5,5,0,5,5,5,0,0,0,63,"74936cb"
5,5,0,5,5,2,5,0,0,0,5,5,5,2,5,5,5,0,0,0,59,"611042fb"
5,5,5,4,0,0,5,0,5,0,5,5,5,1,5,0,0,0,0,0,50,"728fbc91"
0,0,0,5,5,0,5,5,5,0,5,0,5,2,2.5,5,5,0,0,0,49.5,"c3e316cc"
5,5,5,5,5,5,5,0,5,2.5,5,5,5,4,5,5,5,5,5,0,86.5,"3f070e0b"
2.5,5,5,4,5,0,5,0,5,5,3.75,4,5,0,0,5,5,0,0,0,59.25,"a6496999"
5,5,0,5,5,5,2.5,5,5,2.5,5,5,5,2,5,5,5,5,5,5,87,"a925b965"
5,5,5,2.5,5,2,2.5,0,5,5,5,5,0,5,5,5,5,5,0,5,77,"d97c972d"
NA,NA,NA,NA,NA,NA,NA,NA,NA,NA,NA,NA,NA,NA,NA,NA,NA,NA,NA,NA,NA,"6436a3e4"
NA,NA,NA,NA,NA,NA,NA,NA,NA,NA,NA,NA,NA,NA,NA,NA,NA,NA,NA,NA,NA,"da876ffa"
0,0,0,0,0,0,0,0,0,0,0,0,0,0,0,0,0,0,0,0,0,"b8790cd9"
5,5,5,5,5,0,5,5,5,2.5,5,5,5,5,5,5,5,5,5,0,87.5,"68d50db7"
5,5,5,5,5,5,5,5,5,2.5,5,5,3,5,5,5,5,5,5,5,95.5,"f1645da3"
5,5,0,3,5,5,2.5,5,5,5,5,5,2,0,1.25,5,5,5,0,0,68.75,"ae03803"
5,5,5,5,5,0,5,0,5,5,2.5,5,2,2,3.75,5,5,5,5,0,75.25,"c5a23195"
5,0,0,2,5,0,5,0,0,5,2.5,0,0,0,0,5,5,0,0,0,34.5,"60e820d4"
5,5,5,5,5,2,5,5,0,5,5,5,5,5,5,5,5,5,5,5,92,"f9246f4b"
5,2.5,5,5,5,2,5,5,5,0,5,5,5,2,5,5,5,5,0,0,76.5,"5f715eb2"
NA,NA,NA,NA,NA,NA,NA,NA,NA,NA,NA,NA,NA,NA,NA,NA,NA,NA,NA,NA,NA,"4b0e1ef6"
5,5,5,5,0,0,5,0,5,0,2.5,5,5,2,2.5,5,5,5,0,5,67,"294dde8d"
0,0,0,0,0,0,0,0,0,0,0,0,0,0,0,0,0,0,0,0,0,"7f88074"
5,5,5,4.5,5,0,5,5,5,2.5,5,1,5,5,0,5,5,5,5,5,83,"4fc5147f"
5,5,5,5,5,0,5,0,5,5,5,5,5,4,3.75,5,5,5,5,0,82.75,"c29a93e7"
5,5,5,5,5,0,0,0,0,0,0,0,0,0,0,0,0,0,0,0,25,"cff1ba1"
5,5,5,5,5,0,5,5,5,2.5,5,0,5,0,5,5,5,5,5,0,77.5,"b8add39d"
5,5,5,5,5,5,5,5,5,5,5,1,5,5,5,5,5,5,5,5,96,"7797c9fb"
5,5,5,1,5,2,5,5,0,5,5,5,5,2,0,5,5,5,5,0,75,"cffe46c6"
5,5,0,2,0,2,5,5,5,2.5,5,5,5,0,1.25,5,5,5,5,0,67.75,"28cd37a1"
5,5,0,4,5,0,2.5,5,5,0,1.25,5,0,2,1.25,5,0,5,0,5,56,"f0a2bcf6"
2.5,5,5,5,5,0,5,5,5,0,2.5,5,5,2,5,5,5,5,5,5,82,"d0ac84b"
5,5,5,5,5,0,5,0,5,5,5,4,5,5,5,5,5,5,5,5,89,"63994db0"
NA,NA,NA,NA,NA,NA,NA,NA,NA,NA,NA,NA,NA,NA,NA,NA,NA,NA,NA,NA,NA,"5322971d"
NA,NA,NA,NA,NA,NA,NA,NA,NA,NA,NA,NA,NA,NA,NA,NA,NA,NA,NA,NA,NA,"51886eb4"
5,5,0,5,5,2,5,5,5,2.5,5,5,2,2,5,5,5,5,0,0,73.5,"50260edc"
5,2.5,5,4,5,2,5,0,5,5,2.5,5,5,2,5,5,5,0,5,0,73,"83ed9f64"
5,5,0,2,5,0,0,5,5,0,5,0,0,2,5,0,5,5,0,0,49,"c7729316"
NA,NA,NA,NA,NA,NA,NA,NA,NA,NA,NA,NA,NA,NA,NA,NA,NA,NA,NA,NA,NA,"673ef93d"
0,5,0,3.5,0,0,2.5,5,5,5,2.5,1,2,0,5,5,5,5,0,0,51.5,"9be37f22"
5,5,0,0,5,0,0,5,0,0,1.25,5,5,2,5,5,5,5,0,0,53.25,"2832a3b9"
5,5,0,5,5,2,5,5,5,5,5,5,0,2,5,5,5,5,0,0,74,"ef1634ce"
5,5,0,5,5,2,5,5,5,2.5,5,5,2,2,0,5,5,5,5,0,73.5,"ed787a73"
0,0,5,5,0,0,0,0,0,0,0,0,0,0,0,0,0,0,0,0,10,"db23ac66"
NA,NA,NA,NA,NA,NA,NA,NA,NA,NA,NA,NA,NA,NA,NA,NA,NA,NA,NA,NA,NA,"17a68188"
5,5,0,5,5,0,0,5,5,0,5,5,0,0,5,5,5,0,0,0,55,"ce252705"
0,5,5,3.5,5,5,5,0,5,0,5,5,2,2,5,5,5,5,0,0,67.5,"73adff59"
5,5,0,5,5,5,5,5,5,5,5,5,5,2,5,5,5,5,5,5,92,"c557a5e7"
NA,NA,NA,NA,NA,NA,NA,NA,NA,NA,NA,NA,NA,NA,NA,NA,NA,NA,NA,NA,NA,"22fe7ff3"
5,5,0,0,5,2,5,5,5,5,5,5,5,2,5,5,5,5,5,0,79,"6d1fc775"
5,5,5,3,5,2,5,5,5,0,0,5,5,1,2.5,5,5,0,0,0,63.5,"bb5633d6"
0,0,0,0,0,0,0,0,0,0,0,0,0,0,0,0,0,0,0,0,0,"b1be0b4f"
5,5,5,5,5,2,5,5,5,5,5,5,5,4,5,5,5,0,5,5,91,"78405adc"
2.5,5,5,5,5,5,5,0,5,5,2.5,5,5,2,5,5,5,5,5,0,82,"e8e91baf"
2.5,5,5,2,0,2,0,0,5,2.5,5,5,5,0,0,5,5,0,0,0,49,"2e19b79a"
5,5,5,5,5,2,5,5,5,5,2.5,5,5,5,5,5,5,5,5,0,89.5,"bd28b68"
NA,NA,NA,NA,NA,NA,NA,NA,NA,NA,NA,NA,NA,NA,NA,NA,NA,NA,NA,NA,NA,"bc9a4c66"
NA,NA,NA,NA,NA,NA,NA,NA,NA,NA,NA,NA,NA,NA,NA,NA,NA,NA,NA,NA,NA,"f03628d6"
5,5,5,4,5,0,5,0,5,5,2.5,5,5,5,2.5,5,5,5,5,0,79,"aefb7eac"
5,5,5,4,5,5,5,0,5,5,2.5,5,5,5,5,0,5,5,5,5,86.5,"b4153b42"
5,5,5,5,5,5,5,5,5,5,5,5,5,5,0,5,5,5,5,0,90,"ca2a9a98"
5,5,0,5,5,0,5,5,5,5,2.5,5,5,2,5,5,5,0,0,0,69.5,"ac9c0a7c"
5,0,0,0,0,0,0,0,0,0,0,0,0,0,0,0,0,0,0,0,5,"3a00bcbe"
5,5,0,5,5,5,5,5,5,5,5,5,5,2,0,5,5,0,5,0,77,"f8575108"
5,5,0,5,5,5,5,0,5,5,5,5,5,5,0,5,5,5,0,5,80,"77d3eb36"
5,5,5,2,5,2,5,0,5,5,5,5,5,2,0,5,5,5,5,5,81,"b769311c"
5,5,5,2.5,5,2,5,5,5,0,5,5,5,5,5,5,5,0,0,5,79.5,"dd5690ee"
5,5,5,5,5,2,5,0,0,2.5,5,5,0,5,0,0,0,5,5,5,64.5,"1ed3dc59"
5,5,5,3,5,5,5,5,5,5,5,5,5,5,5,5,5,0,5,5,93,"ca578513"
NA,NA,NA,NA,NA,NA,NA,NA,NA,NA,NA,NA,NA,NA,NA,NA,NA,NA,NA,NA,NA,"836db1bf"
5,5,5,4,0,0,0,0,0,2.5,5,5,5,2,1.25,5,5,0,5,0,54.75,"1c79a3d"
2.5,0,0,4,0,2,0,5,5,5,2.5,4,5,0,0,0,0,0,0,0,35,"1cf8af09"
5,2.5,0,3,0,0,0,0,0,2.5,5,0,0,0,0,0,0,0,0,0,18,"2d3b775c"
5,5,5,3,5,5,0,5,5,5,5,5,2,5,5,5,5,5,5,0,85,"3ded465b"
5,5,5,1.5,5,0,2.5,5,5,2.5,5,5,5,2,5,5,5,5,0,5,78.5,"4ec5cb14"
5,5,0,3,5,2,5,5,5,5,5,5,5,0,5,5,5,5,0,0,75,"a5645040"
5,5,5,4,5,5,5,5,5,2.5,1.25,0,5,2,5,5,5,0,0,0,69.75,"2f937d2d"
5,5,5,3.5,5,2,0,5,5,2.5,2.5,5,0,5,5,5,5,5,5,5,80.5,"63da90de"
5,5,5,1,5,2,5,5,5,5,5,5,5,2,5,5,5,5,5,0,85,"c3867f37"
5,5,5,5,0,0,0,5,5,5,5,5,0,0,0,5,5,0,5,5,65,"29916a88"
0,0,0,0,0,0,0,0,0,0,0,0,0,0,0,0,0,0,0,0,0,"97f50b0f"
5,5,5,5,5,5,5,5,5,0,2.5,5,2,2,5,5,5,5,0,0,76.5,"fce2939f"
5,5,5,5,5,5,5,5,5,5,1.25,5,5,5,5,5,5,0,5,0,86.25,"6f82a7e"
NA,NA,NA,NA,NA,NA,NA,NA,NA,NA,NA,NA,NA,NA,NA,NA,NA,NA,NA,NA,NA,"535f08f9"
NA,NA,NA,NA,NA,NA,NA,NA,NA,NA,NA,NA,NA,NA,NA,NA,NA,NA,NA,NA,NA,"9174de89"
5,5,5,5,0,0,0,0,5,5,1.25,5,2,2,1.25,5,5,0,0,0,51.5,"a0d7163d"
2.5,5,0,5,5,5,5,5,5,2.5,2.5,5,5,5,5,5,5,5,0,0,77.5,"229140f2"
2.5,5,0,2,0,0,0,5,5,5,5,5,5,1,0,5,5,5,5,0,60.5,"f337f360"
5,0,5,2,5,2,5,5,5,2.5,5,1,5,5,5,5,5,5,5,0,77.5,"171d61cd"
0,0,5,3.5,5,0,0,0,0,0,0,0,0,0,0,0,0,0,0,0,13.5,"23f9c7c8"
5,5,0,1,5,2,0,0,0,2.5,0,0,0,0,0,0,0,0,0,0,20.5,"82551a22"
5,5,5,3.5,5,2,5,5,5,5,5,5,5,2,5,5,5,5,0,5,87.5,"a39a38c"
5,5,0,1,0,2,0,5,5,0,0,5,2,0,0,0,5,0,0,0,35,"8bd4a15c"
2.5,5,0,1,0,0,0,0,0,5,5,5,5,2,5,0,5,5,0,0,45.5,"29a2eca6"
2.5,5,0,1,0,0,0,0,5,0,5,5,0,2,5,0,5,0,0,0,35.5,"13d20d7e"
5,5,5,0,0,0,0,0,0,0,0,0,0,0,0,0,0,0,0,0,15,"5a42958a"
2.5,5,0,2,5,0,0,5,0,2.5,0,0,0,0,0,0,5,0,0,0,27,"5f30f06b"
5,5,5,5,5,0,0,5,0,5,1.25,5,0,0,2.5,0,5,0,5,0,53.75,"341b62ab"
0,2.5,0,3,0,0,0,5,5,2.5,2.5,5,2,2,2.5,5,5,0,0,5,47,"1788de33"
0,5,5,3,0,0,0,0,5,5,2.5,0,0,0,5,0,5,0,5,5,45.5,"f71f2b2b"
0,5,0,3.5,5,0,5,5,5,5,5,5,5,1,5,5,5,5,0,0,69.5,"df042eac"
5,5,0,5,5,0,5,5,5,5,5,5,5,5,2.5,5,5,5,5,5,87.5,"c1468e89"
5,5,5,4,5,5,5,5,5,2.5,5,5,5,4,5,5,5,5,5,5,95.5,"9b3ed407"
5,5,5,2,0,2,0,5,5,0,5,5,2,5,5,5,5,5,5,0,71,"5bdbb668"
5,5,5,5,5,0,5,5,5,5,5,5,5,2,0,5,5,5,5,0,82,"54509c60"
NA,NA,NA,NA,NA,NA,NA,NA,NA,NA,NA,NA,NA,NA,NA,NA,NA,NA,NA,NA,NA,"24a5280c"
5,5,5,4,5,2,5,5,5,5,5,5,2,2,5,5,5,0,0,5,80,"4f168f9a"
5,5,5,5,5,2,5,0,5,2.5,5,5,5,5,5,5,5,5,5,5,89.5,"ecd64c8b"
5,5,0,1,0,0,5,0,0,0,2.5,4,5,5,2.5,5,5,5,0,0,50,"16e77055"
NA,NA,NA,NA,NA,NA,NA,NA,NA,NA,NA,NA,NA,NA,NA,NA,NA,NA,NA,NA,NA,"2a3befd4"
5,5,0,5,5,0,0,5,5,5,5,5,5,0,5,5,5,5,5,0,75,"f452397e"
5,2.5,5,5,5,0,5,5,5,2.5,5,5,5,2,5,5,5,0,5,0,77,"9861a8d4"
0,5,0,3.5,5,0,0,0,0,0,5,0,5,4,5,5,5,5,5,0,52.5,"1dacba90"
5,5,5,5,5,0,0,5,5,5,5,5,5,5,5,5,5,5,5,5,90,"4379effb"
5,5,5,5,5,5,5,5,5,5,5,5,5,5,5,5,5,5,5,5,100,"3e9c88a1"
2.5,5,5,5,5,2,5,0,5,5,5,5,5,5,5,5,5,5,5,5,89.5,"442523ce"
5,5,5,5,5,2,5,0,5,5,5,5,5,2,5,5,5,5,5,5,89,"60e3e961"
5,5,5,5,5,2,5,0,5,2.5,3.75,5,5,2,2.5,5,5,5,5,5,82.75,"6299a9b6"
5,5,5,3,5,0,5,5,5,2.5,5,5,5,0,5,5,5,5,5,0,80.5,"af782de8"
5,5,5,5,5,5,5,0,5,5,5,5,5,5,1.25,5,5,5,5,5,91.25,"7469d0c5"
5,5,0,0,5,5,5,0,5,0,5,5,5,5,5,5,5,0,0,0,65,"320cfcb7"
5,5,0,4,5,0,5,5,5,2.5,5,5,5,2,5,5,5,5,5,5,83.5,"c942bd5d"
5,5,5,4,5,2,5,0,5,2.5,5,5,5,2,2.5,5,5,0,0,0,68,"3c0f54d2"
5,5,0,0,0,0,0,0,0,0,0,0,0,0,0,0,0,0,0,0,10,"c20aece"
5,5,5,5,5,5,5,5,5,5,5,5,5,5,0,5,5,5,5,5,95,"45480b11"
5,5,5,5,5,0,5,5,5,5,5,5,5,5,5,5,5,5,5,5,95,"f29d05a"
2.5,5,5,4.5,5,2,5,5,5,0,5,5,5,5,5,5,5,5,0,5,84,"9a1f8e39"
5,5,5,5,5,5,5,0,5,5,5,5,5,2,5,5,5,5,5,0,87,"bd3368af"
5,5,0,4,5,0,0,5,5,2.5,0,0,0,0,2.5,5,5,5,0,0,49,"7b62f1be"
NA,NA,NA,NA,NA,NA,NA,NA,NA,NA,NA,NA,NA,NA,NA,NA,NA,NA,NA,NA,NA,"1516ab19"
0,5,0,5,5,0,0,0,0,0,5,5,0,0,2.5,5,5,0,0,0,37.5,"195f1210"
5,5,5,5,5,2,5,5,5,2.5,5,5,3,5,5,5,5,0,5,5,87.5,"65643b03"
NA,NA,NA,NA,NA,NA,NA,NA,NA,NA,NA,NA,NA,NA,NA,NA,NA,NA,NA,NA,NA,"5a415a83"
5,5,5,5,5,3,5,0,5,2.5,5,5,5,5,5,5,5,5,5,0,85.5,"a22fc5e5"
5,5,0,5,0,2,5,5,5,5,5,5,5,5,5,5,5,5,0,0,77,"bbe2fc73"
5,5,5,3.5,5,5,5,5,5,5,2.5,5,5,5,3.75,5,5,5,5,5,94.75,"9b68d640"
2.5,5,0,1,5,0,0,0,5,5,5,0,0,0,5,5,5,5,0,0,48.5,"e5db6f57"
5,0,5,3,5,0,5,5,5,0,5,5,2,2,0,5,5,5,5,5,72,"7b3e6d39"
5,5,5,5,5,0,5,5,5,5,5,5,5,2,5,5,5,5,5,5,92,"20060fb5"
5,5,5,3,5,0,5,0,5,0,2.5,5,0,5,5,5,5,0,5,5,70.5,"db0bdd3d"
5,5,0,5,0,0,0,0,5,5,2.5,5,5,1,5,5,5,0,0,0,53.5,"a02eb459"
5,5,5,5,5,2,5,5,5,5,5,5,2,5,5,5,5,5,5,5,94,"25944cf2"
5,5,5,5,5,0,5,5,5,5,5,5,5,5,5,5,5,5,5,5,95,"5a29d42d"
NA,NA,NA,NA,NA,NA,NA,NA,NA,NA,NA,NA,NA,NA,NA,NA,NA,NA,NA,NA,NA,"c5cd0e94"
5,0,5,3.5,5,2,5,5,5,0,5,0,0,0,1.25,0,0,0,0,0,41.75,"91fdca3f"
0,5,5,3,0,0,0,0,0,0,1.25,0,0,1,0,5,5,0,0,0,25.25,"cb973054"
5,5,5,2.5,5,0,5,5,5,5,2.5,5,5,2,2.5,5,5,0,5,0,74.5,"ff58e660"
0,5,0,2,5,0,0,5,5,0,2.5,0,0,5,5,0,5,0,0,0,39.5,"44e5f2e0"
5,5,5,5,5,2,5,0,0,5,5,5,5,2,5,5,5,5,5,0,79,"ced702d8"
5,5,5,0,5,5,0,5,5,5,2.5,5,5,2,5,5,0,5,0,0,69.5,"b72d254"
2.5,2.5,0,2,5,0,5,5,5,2.5,5,1,3,1,5,5,5,5,0,0,59.5,"31455e27"
5,5,5,3,5,2,5,0,5,5,2.5,5,5,0,5,5,5,0,5,0,72.5,"9003bd9d"
5,5,0,2.5,0,0,5,5,5,0,2.5,1,5,2,3.75,5,5,0,0,0,51.75,"816663f7"
5,5,0,5,5,0,5,0,0,5,5,5,5,5,5,5,5,0,5,5,75,"80e3505f"
5,2.5,5,4,5,0,5,5,5,5,2.5,5,5,2,5,0,5,5,5,5,81,"2ed50632"
5,5,5,5,5,0,5,5,5,5,5,0,5,2,5,5,5,5,0,5,82,"27faefdd"
NA,NA,NA,NA,NA,NA,NA,NA,NA,NA,NA,NA,NA,NA,NA,NA,NA,NA,NA,NA,NA,"64d80e80"
5,2.5,5,2.5,5,0,2.5,5,0,2.5,5,0,5,2,0,5,5,0,0,0,52,"96ea8b48"
5,5,5,5,5,5,5,5,5,2.5,5,5,5,5,5,5,5,0,0,0,82.5,"9fe6921c"
5,0,0,1,5,0,5,0,0,0,1.25,1,2,2,2.5,0,0,0,0,0,24.75,"968055a0"
NA,NA,NA,NA,NA,NA,NA,NA,NA,NA,NA,NA,NA,NA,NA,NA,NA,NA,NA,NA,NA,"f6604e83"
2.5,5,0,0,5,0,5,0,5,5,2.5,0,0,0,5,0,5,5,5,0,50,"4c92768c"
5,5,5,5,5,2,5,5,5,5,5,5,5,2,2.5,5,5,0,5,5,86.5,"e9ef07b6"
NA,NA,NA,NA,NA,NA,NA,NA,NA,NA,NA,NA,NA,NA,NA,NA,NA,NA,NA,NA,NA,"ae76e1b2"
5,5,0,3,0,0,0,0,0,2.5,0,5,5,2,5,5,5,0,0,0,42.5,"683084f4"
5,5,5,5,5,0,5,5,5,5,5,5,5,5,0,5,5,0,5,5,85,"22d8b30"
5,5,5,5,5,0,5,0,5,5,5,5,5,5,5,5,5,5,5,5,90,"2b15b9fb"
5,5,5,5,5,0,5,0,5,5,5,0,0,0,5,5,5,5,0,0,65,"b53f13cb"
5,5,5,5,5,2,5,5,5,5,5,5,5,2,0,5,5,5,0,0,79,"c304ec38"
5,5,5,5,5,5,5,5,5,5,5,5,5,5,5,5,5,5,5,5,100,"f17db49c"
0,5,5,2,5,0,0,5,5,5,5,1,0,0,5,5,5,0,5,0,58,"92daa51c"
5,0,5,3,5,2,5,5,5,0,2.5,5,5,0,5,5,5,5,0,0,67.5,"b5763bc1"
NA,NA,NA,NA,NA,NA,NA,NA,NA,NA,NA,NA,NA,NA,NA,NA,NA,NA,NA,NA,NA,"aba8bde9"
5,5,5,4,5,0,5,0,5,2.5,5,5,0,1,5,5,5,5,0,0,67.5,"73668a3f"
5,5,0,3.5,5,0,5,0,0,0,5,5,5,0,0,5,5,5,0,0,53.5,"d1ad649d"
5,5,0,3.5,5,0,0,0,5,2.5,5,5,2,4,5,5,5,5,5,0,67,"25df2c22"
NA,NA,NA,NA,NA,NA,NA,NA,NA,NA,NA,NA,NA,NA,NA,NA,NA,NA,NA,NA,NA,"c2136ac3"
2.5,0,0,4,0,0,0,0,0,0,5,5,5,2,1.25,5,5,0,0,0,34.75,"4f3c4315"
NA,NA,NA,NA,NA,NA,NA,NA,NA,NA,NA,NA,NA,NA,NA,NA,NA,NA,NA,NA,NA,"bd1d5ae9"
2.5,5,5,1,5,0,0,0,5,0,5,5,2,2,0,5,5,0,0,0,47.5,"be50a377"
NA,NA,NA,NA,NA,NA,NA,NA,NA,NA,NA,NA,NA,NA,NA,NA,NA,NA,NA,NA,NA,"4c7d295a"
2.5,5,5,2,5,0,0,0,5,5,5,0,0,1,5,5,5,0,0,0,50.5,"e9931f81"
NA,NA,NA,NA,NA,NA,NA,NA,NA,NA,NA,NA,NA,NA,NA,NA,NA,NA,NA,NA,NA,"bac985d6"
2.5,5,5,3.5,5,2,0,5,5,2.5,5,0,0,0,2.5,0,5,0,0,0,48,"4f8bdb4a"
2.5,0,0,4.5,5,2,5,5,5,2.5,2.5,5,3,2,5,5,5,5,0,0,64,"4fbf4f55"
2.5,5,5,1.5,5,2,5,0,5,5,2.5,5,5,1,0,5,5,5,5,5,74.5,"9ffc5fe1"
NA,NA,NA,NA,NA,NA,NA,NA,NA,NA,NA,NA,NA,NA,NA,NA,NA,NA,NA,NA,NA,"6e470c50"
5,5,5,5,5,0,5,5,5,5,5,5,5,5,5,5,5,5,5,5,95,"4328c4e0"
NA,NA,NA,NA,NA,NA,NA,NA,NA,NA,NA,NA,NA,NA,NA,NA,NA,NA,NA,NA,NA,"ce511a7f"
5,5,5,4,5,2,2.5,5,5,5,5,5,0,2,5,0,5,5,5,5,80.5,"8daa15cc"
5,5,5,5,5,2,5,0,5,5,5,5,5,5,5,5,5,5,5,5,92,"2dd66050"
5,5,5,5,5,0,5,5,5,5,5,5,5,5,5,5,5,5,5,0,90,"8bb3f51c"
5,5,5,5,0,5,0,5,5,2.5,1.25,5,2,4,5,0,5,5,5,0,69.75,"ee8541d6"
5,5,5,3.5,5,2,5,5,5,2.5,5,5,5,2,5,5,5,0,0,0,75,"d784322"
5,5,5,5,5,0,0,0,5,5,1.25,5,5,2,5,5,5,5,5,5,78.25,"7c3c7308"
5,0,0,4,5,0,2.5,5,0,5,2.5,5,2,2,0,5,5,5,5,5,63,"fcd1b62f"
5,5,5,5,5,5,5,0,5,0,5,5,5,0,5,5,5,5,5,5,85,"2f7aaf85"
5,5,5,4,5,5,0,5,5,2.5,2.5,5,5,0,5,5,5,0,5,0,74,"70023872"
2.5,5,0,0,5,0,0,5,0,0,0,0,0,0,0,0,0,0,0,0,17.5,"269bbf18"
5,5,5,5,5,5,5,5,5,5,5,5,5,5,5,5,5,5,0,5,95,"aac375b5"
NA,NA,NA,NA,NA,NA,NA,NA,NA,NA,NA,NA,NA,NA,NA,NA,NA,NA,NA,NA,NA,"15587cb0"
2.5,5,0,4,5,2,0,0,5,0,5,5,2,2,5,5,5,5,0,0,57.5,"f71e416a"
5,5,5,5,5,0,5,5,5,2.5,5,5,2,2,3.75,5,5,5,0,0,75.25,"e7652396"
5,5,5,3,5,0,5,0,5,5,5,0,3,0,5,0,5,0,5,0,61,"941cd352"
5,5,5,5,5,5,5,5,5,5,5,5,5,5,5,5,5,5,5,5,100,"f2f7ed5"
NA,NA,NA,NA,NA,NA,NA,NA,NA,NA,NA,NA,NA,NA,NA,NA,NA,NA,NA,NA,NA,"f964deb2"
5,5,0,5,0,5,5,0,5,0,5,5,5,0,5,5,5,5,5,0,70,"4cb373b6"
5,2.5,5,5,5,2,5,5,5,5,5,5,0,5,0,5,5,5,5,0,79.5,"27854d82"
5,5,5,5,5,2,5,0,5,5,5,5,5,5,5,5,5,5,5,5,92,"ead951e9"
2.5,5,5,2,5,0,5,0,5,2.5,5,5,5,2,0,5,5,5,5,0,69,"4c676291"
5,5,5,2.5,5,2,5,5,5,2.5,5,1,5,0,5,5,5,5,0,0,73,"956dbd57"
5,5,5,5,5,2,5,0,5,5,5,5,5,2,5,5,5,5,5,5,89,"ecf2e654"
5,0,0,5,5,0,0,5,5,0,5,5,2,0,0,5,5,0,0,0,47,"a03b6b70"
NA,NA,NA,NA,NA,NA,NA,NA,NA,NA,NA,NA,NA,NA,NA,NA,NA,NA,NA,NA,NA,"e83ea0"
5,5,5,5,0,2,0,0,5,5,5,5,2,2,5,5,5,5,0,0,66,"e249c2e3"
0,5,5,5,5,0,5,0,5,5,2.5,5,2,5,5,0,5,5,5,0,69.5,"65c33e02"
2.5,5,0,3,5,2,5,5,5,2.5,2.5,5,5,0,5,5,5,0,5,0,67.5,"e383cccc"
5,5,5,5,5,0,5,5,5,5,5,5,5,5,5,5,5,5,5,5,95,"a4895644"
5,5,5,4,5,2,5,5,5,5,5,5,5,5,5,5,5,5,5,5,96,"e1ae7cee"
0,0,0,5,0,0,5,0,5,5,2.5,5,5,2,3.75,5,5,0,5,5,58.25,"995d33e3"
5,5,0,3,0,0,5,5,5,5,2.5,5,5,2,5,5,5,5,5,0,72.5,"547fff0a"
5,2.5,5,5,5,0,5,0,5,5,5,5,2,5,5,5,5,5,5,5,84.5,"cee9c03d"
NA,NA,NA,NA,NA,NA,NA,NA,NA,NA,NA,NA,NA,NA,NA,NA,NA,NA,NA,NA,NA,"50daa0c3"
5,5,0,5,5,2,5,5,5,5,2.5,5,5,5,2.5,5,5,5,5,5,87,"53179c4d"
5,5,0,1,5,0,0,0,5,5,2.5,0,5,2,5,5,5,5,0,0,55.5,"dd6b474"
NA,NA,NA,NA,NA,NA,NA,NA,NA,NA,NA,NA,NA,NA,NA,NA,NA,NA,NA,NA,NA,"f91d1c01"
5,5,5,5,0,5,5,5,5,5,2.5,5,5,5,5,5,5,5,5,5,92.5,"7f63c1b8"
5,5,5,5,5,2,5,0,5,2.5,5,5,5,5,5,5,0,0,0,0,69.5,"f53c7d36"
0,0,0,0,0,0,0,0,0,0,0,0,0,0,0,0,0,0,0,0,0,"2a2d9209"
5,5,5,5,5,5,5,5,5,5,2.5,0,5,5,5,5,5,5,5,5,92.5,"35487d9f"
5,5,0,3,5,0,0,5,0,5,5,5,2,2,5,5,5,5,0,0,62,"36af8d9e"
2.5,5,5,5,5,2,5,0,5,2.5,2.5,5,2,2,5,5,5,5,0,0,68.5,"b55e4a9a"
5,5,5,5,5,0,5,5,5,5,2.5,5,5,2,5,5,5,5,5,0,84.5,"5ecaf96f"
5,5,5,5,5,5,5,5,5,2.5,5,5,5,2,5,5,5,5,0,5,89.5,"7e13936c"
5,5,5,5,5,2,2.5,0,5,5,5,5,0,0,5,5,5,0,0,0,64.5,"fa92d9ac"
5,5,5,3,5,0,0,0,5,2.5,5,5,2,5,5,5,5,5,5,5,77.5,"4bde1c8a"
5,5,0,2.5,5,2,5,5,5,5,5,5,5,5,5,5,5,5,5,5,89.5,"80303eb4"
5,2.5,5,5,5,0,5,5,5,2.5,5,5,5,2,5,5,5,5,5,0,82,"6d5602ed"
5,0,0,4,5,0,5,0,5,5,5,5,0,0,0,5,5,5,0,0,54,"fb105bab"
5,5,5,5,5,2,5,5,5,5,5,5,5,5,5,5,5,5,5,5,97,"d95d3189"
5,5,5,5,5,5,5,5,5,5,5,5,5,5,5,5,5,5,5,5,100,"81b9ce04"
5,5,5,5,5,5,5,5,5,5,5,5,2,4,5,5,5,5,0,0,86,"4f219a80"
NA,NA,NA,NA,NA,NA,NA,NA,NA,NA,NA,NA,NA,NA,NA,NA,NA,NA,NA,NA,NA,"1e3b11d1"
5,5,5,5,5,0,5,5,5,0,2.5,5,5,2,5,5,5,5,5,5,84.5,"666ec492"
5,5,0,4,5,0,5,0,5,5,2.5,5,5,5,5,5,5,5,5,5,81.5,"f3a820d"
5,5,5,5,5,5,5,5,5,0,5,5,5,5,5,5,5,0,5,5,90,"807e6d"
5,5,0,4,5,5,5,5,5,0,2.5,0,5,5,5,5,5,5,0,0,71.5,"5c2c3c2b"
5,5,5,3.5,0,0,5,0,0,2.5,1.25,0,0,0,0,0,0,0,0,0,27.25,"41c52ee"
5,5,5,5,5,2,5,5,5,5,1.25,1,5,5,0,5,5,5,5,5,84.25,"bbabf788"
2.5,5,0,4.5,5,2,5,5,5,2.5,5,5,5,2,5,5,5,5,5,0,78.5,"e872c201"
NA,NA,NA,NA,NA,NA,NA,NA,NA,NA,NA,NA,NA,NA,NA,NA,NA,NA,NA,NA,NA,"71fb9382"
0,5,0,5,0,0,0,5,5,0,1.25,0,5,0,5,5,5,5,5,0,51.25,"c1b1d24e"
5,5,5,4,5,2,5,0,5,2.5,5,5,5,5,5,5,5,5,5,5,88.5,"6452f6ce"
5,5,5,5,5,0,5,5,5,2.5,5,5,5,2,3.75,5,5,5,5,0,83.25,"832548f6"
NA,NA,NA,NA,NA,NA,NA,NA,NA,NA,NA,NA,NA,NA,NA,NA,NA,NA,NA,NA,NA,"3ce0e696"
5,5,5,1.5,5,5,5,5,5,5,5,5,5,5,5,5,5,5,5,0,91.5,"745cdb95"
5,5,5,3.5,5,0,5,5,5,5,5,5,5,5,0,5,5,5,5,5,88.5,"dd6a6011"
5,5,0,0,0,0,0,0,0,0,5,5,2,5,3.75,5,5,0,5,0,45.75,"add91df4"
2.5,5,0,3,0,0,5,5,0,0,1.25,1,2,2,2.5,0,5,0,0,0,34.25,"1c533f80"
5,5,5,5,5,0,0,0,0,0,0,0,0,0,0,0,0,0,0,0,25,"4483b980"
0,0,0,2,5,2,5,0,5,5,2.5,5,0,0,5,0,5,5,0,5,51.5,"78fc0b36"
0,0,0,0,0,0,0,0,0,0,0,0,0,0,0,0,0,0,0,0,0,"74731b61"
5,5,5,4,5,2,5,5,5,5,5,5,5,2,2.5,5,5,5,5,0,85.5,"31b953a6"
5,5,0,4,0,0,0,0,0,0,0,0,0,0,0,0,0,0,0,0,14,"83fc001"
5,5,5,2,5,0,5,5,5,0,5,5,5,2,5,5,5,5,5,0,79,"82663f92"
5,5,5,2.5,5,2,5,5,5,5,5,1,2,5,5,5,5,5,0,0,77.5,"af821615"
5,5,0,2,0,0,0,5,5,2.5,5,5,3,2,3.75,5,5,0,0,0,53.25,"478d38b7"
5,5,5,5,5,2,5,5,5,2.5,5,5,5,2,5,5,5,5,5,0,86.5,"34da3456"
NA,NA,NA,NA,NA,NA,NA,NA,NA,NA,NA,NA,NA,NA,NA,NA,NA,NA,NA,NA,NA,"28ca688"
5,2.5,5,4,0,2,0,5,5,2.5,5,4,5,1,5,5,5,0,0,0,61,"3af22261"
5,0,0,1.5,5,0,2.5,5,5,2.5,2.5,5,0,0,2.5,5,5,0,5,0,51.5,"db5354b8"
5,5,0,5,5,5,5,5,5,2.5,5,0,5,0,5,5,5,5,5,5,82.5,"6c3cd591"
5,5,0,5,5,0,5,0,5,5,5,5,0,2,2.5,5,5,5,0,5,69.5,"58d286f0"
2.5,5,0,3,5,0,5,0,0,0,2.5,0,3,0,3.75,5,5,0,0,0,39.75,"adb4d9f"
0,5,0,3.5,5,0,0,0,0,0,5,0,2,0,0,0,0,0,0,0,20.5,"4d09a6b6"
NA,NA,NA,NA,NA,NA,NA,NA,NA,NA,NA,NA,NA,NA,NA,NA,NA,NA,NA,NA,NA,"41d190eb"
0,0,0,0,0,0,0,0,0,0,0,0,0,0,0,0,0,0,0,0,0,"274b5962"
5,5,5,4,5,5,5,5,5,2.5,5,5,5,5,5,5,5,5,0,0,86.5,"f3da1162"
5,5,5,4.5,5,0,0,0,5,0,5,4,0,0,0,0,0,5,0,0,43.5,"97e227fe"
5,5,0,3.5,5,5,0,5,5,5,5,5,5,5,5,5,5,5,5,5,88.5,"34f63bab"
NA,NA,NA,NA,NA,NA,NA,NA,NA,NA,NA,NA,NA,NA,NA,NA,NA,NA,NA,NA,NA,"ea6d06bf"
5,5,5,4,5,0,5,5,5,0,5,5,2,2,5,5,5,0,5,0,73,"6ec55765"
NA,NA,NA,NA,NA,NA,NA,NA,NA,NA,NA,NA,NA,NA,NA,NA,NA,NA,NA,NA,NA,"883edbf5"
5,5,0,5,5,5,5,5,5,5,5,5,2,5,5,5,5,5,5,5,92,"71ced6de"
5,5,5,4,5,0,5,0,5,5,5,5,0,4,5,5,5,5,5,0,78,"e8611039"
5,5,5,5,5,2,5,5,5,0,5,5,5,5,5,5,5,5,5,0,87,"93554021"
5,5,5,5,5,0,5,0,5,5,5,5,2,4,5,5,5,5,0,0,76,"6e088c8c"
2.5,0,0,0,0,0,5,0,0,5,2.5,5,5,4,2.5,5,5,0,5,0,46.5,"31da7940"
2.5,5,0,4,5,2,5,5,5,0,5,5,5,2,5,0,5,5,0,0,65.5,"62587f24"
NA,NA,NA,NA,NA,NA,NA,NA,NA,NA,NA,NA,NA,NA,NA,NA,NA,NA,NA,NA,NA,"3a8a7f9d"
5,5,0,4,5,2,5,5,5,2.5,5,5,2,0,5,5,5,5,5,0,75.5,"d62f1a7b"
5,0,5,5,5,0,5,0,5,2.5,2.5,5,0,0,5,5,5,5,0,5,65,"ba783369"
5,5,5,4,5,2,5,5,5,5,5,5,5,5,5,5,5,5,5,5,96,"cf5f80b5"
5,5,5,3,5,5,5,0,5,2.5,1.25,0,2,0,5,5,5,5,5,0,68.75,"eb34ba7f"
2.5,5,0,0,5,0,0,5,5,0,2.5,0,5,1,0,5,0,0,0,0,36,"d547d02c"
0,0,0,0,0,0,0,0,0,0,0,0,0,0,0,0,0,0,0,0,0,"aac48a16"
5,5,0,3.5,5,2,5,5,5,0,5,5,0,2,5,5,5,5,0,0,67.5,"53e37ae2"
5,5,0,2,5,2,5,5,5,2.5,2.5,5,5,2,1.25,5,5,5,0,0,67.25,"992864d8"
5,0,0,5,5,0,0,5,5,0,2.5,1,5,0,5,0,5,0,0,0,43.5,"4d2460e"
5,5,0,0,5,2,0,5,5,2.5,1.25,4,3,0,0,0,0,0,0,0,37.75,"b8e6e5dd"
2.5,5,5,5,5,0,5,5,5,5,5,0,5,2,5,5,5,5,5,0,79.5,"1ea0c87f"
5,5,5,4,5,0,5,5,5,0,2.5,5,5,5,5,5,5,5,5,5,86.5,"ee66661a"
5,0,5,3,0,2,5,0,5,0,1.25,5,2,0,2.5,5,5,0,0,0,45.75,"f4c78680"
2.5,0,0,0,0,0,0,0,0,0,0,0,0,0,0,0,0,0,0,0,2.5,"9033f4ba"
2.5,0,0,3,5,5,0,5,5,5,5,5,5,2,5,5,5,5,0,0,67.5,"45b0435b"
5,5,5,5,5,0,5,5,5,5,5,5,5,0,5,5,5,5,5,0,85,"a1317a12"
NA,NA,NA,NA,NA,NA,NA,NA,NA,NA,NA,NA,NA,NA,NA,NA,NA,NA,NA,NA,NA,"1b129e83"
5,5,0,5,0,0,0,0,5,5,2.5,5,5,2,0,0,5,0,0,0,44.5,"1f1fc7fb"
NA,NA,NA,NA,NA,NA,NA,NA,NA,NA,NA,NA,NA,NA,NA,NA,NA,NA,NA,NA,NA,"7464799c"
5,5,5,2,0,0,5,0,5,0,2.5,5,2,5,5,0,0,0,0,0,46.5,"2129c6d5"
2.5,0,0,0,0,0,0,0,5,2.5,2.5,0,0,0,0,5,5,5,0,0,27.5,"f11a60b3"
5,5,0,3,5,5,2.5,5,5,0,1.25,5,0,0,5,5,5,5,0,0,61.75,"4cf80bfa"
5,5,5,5,5,0,5,0,5,5,5,5,5,5,5,5,5,5,5,0,85,"7b103282"
5,5,0,5,5,2,0,5,5,0,5,5,3,0,5,5,0,5,5,0,65,"73353f01"
0,5,0,2,5,0,5,5,5,5,5,5,0,0,5,5,5,0,0,0,57,"fea1ee0e"
NA,NA,NA,NA,NA,NA,NA,NA,NA,NA,NA,NA,NA,NA,NA,NA,NA,NA,NA,NA,NA,"400a0426"
5,0,5,1.5,5,2,5,0,5,2.5,5,5,5,5,5,5,5,5,5,0,76,"a16299bc"
2.5,5,0,0,0,0,0,0,0,0,0,0,0,0,0,0,0,0,0,0,7.5,"9a215440"
NA,NA,NA,NA,NA,NA,NA,NA,NA,NA,NA,NA,NA,NA,NA,NA,NA,NA,NA,NA,NA,"21d1fbfe"
2.5,5,5,3.5,0,0,0,5,5,5,5,5,2,2,5,5,5,5,0,0,65,"7663cb52"
5,5,5,5,5,2,5,5,5,5,5,5,5,2,5,5,5,5,5,5,94,"88381887"
5,5,5,3,0,0,0,0,0,0,0,0,0,0,0,0,0,0,0,0,18,"948695b3"
5,5,5,5,5,0,5,5,0,5,5,5,0,0,5,5,5,5,5,0,75,"9f78e20e"
2.5,5,5,3,5,0,5,0,5,2.5,2.5,5,2,2,3.75,5,5,0,0,0,58.25,"787a4501"
NA,NA,NA,NA,NA,NA,NA,NA,NA,NA,NA,NA,NA,NA,NA,NA,NA,NA,NA,NA,NA,"9efc1879"
NA,NA,NA,NA,NA,NA,NA,NA,NA,NA,NA,NA,NA,NA,NA,NA,NA,NA,NA,NA,NA,"a3dab591"
5,5,5,5,5,5,5,5,5,2.5,5,5,5,5,5,5,5,5,5,5,97.5,"8967a956"
2.5,5,5,5,0,0,5,5,5,2.5,5,5,5,2,5,5,5,5,0,5,77,"c7784583"
2.5,5,0,4,0,5,0,5,5,5,5,5,0,2,5,5,5,5,5,0,68.5,"35e68c90"
5,5,0,5,5,2,0,5,0,5,2.5,5,2,2,5,5,5,5,0,0,63.5,"ff99c2a"
5,5,0,3,5,0,2.5,5,0,2.5,5,0,2,2,0,5,5,5,0,0,52,"bf2168b5"
NA,NA,NA,NA,NA,NA,NA,NA,NA,NA,NA,NA,NA,NA,NA,NA,NA,NA,NA,NA,NA,"c7e5df30"
5,5,0,4,5,0,0,0,5,2.5,5,5,2,1,2.5,5,5,5,0,0,57,"fa783103"
2.5,0,0,4,5,0,5,0,0,0,5,1,0,0,0,0,0,0,0,0,22.5,"bfa28967"
5,5,0,2,0,0,0,5,0,0,5,0,0,0,2.5,5,5,5,5,0,44.5,"8512e43"
5,0,5,5,5,5,5,0,5,5,5,5,5,1,5,5,5,5,5,5,86,"f1399651"
NA,NA,NA,NA,NA,NA,NA,NA,NA,NA,NA,NA,NA,NA,NA,NA,NA,NA,NA,NA,NA,"9b4c3293"
5,5,5,5,5,0,5,5,0,0,5,5,5,0,5,5,5,5,5,5,80,"ae409ee9"
5,5,0,2,0,0,0,0,5,2.5,0,5,5,0,5,0,5,0,0,0,39.5,"7248921c"
5,5,5,5,5,5,5,5,5,5,5,5,5,5,5,5,5,5,5,5,100,"ed33023f"
5,5,0,4,5,0,5,0,5,0,2.5,5,5,2,3.75,5,5,5,0,0,62.25,"1b95c035"
5,5,5,5,5,2,5,5,5,5,5,5,5,5,5,5,5,5,5,5,97,"d4117861"
5,5,0,4,5,0,0,5,5,0,2.5,5,5,2,5,5,5,5,5,5,73.5,"450e9408"
0,5,0,3.5,0,2,0,5,5,5,0,5,2,0,5,0,5,5,0,0,47.5,"95e44473"
2.5,5,0,3.5,5,0,0,5,0,0,2.5,5,2,1,0,5,5,5,0,0,46.5,"ddd65c06"
5,5,0,4,5,0,0,0,5,2.5,5,5,3,0,3.75,5,5,0,0,0,53.25,"b333c1a0"
5,5,5,1,5,0,0,5,5,2.5,5,0,2,2,2.5,5,5,5,0,0,60,"785d20d7"
0,5,0,2,5,5,0,5,0,0,5,5,5,2,2.5,5,5,5,0,0,56.5,"8a702ccc"
5,0,0,4,5,0,5,0,5,2.5,1.25,5,5,1,0,5,5,5,0,0,53.75,"4bfa15cb"
5,0,5,3.5,5,2,5,0,0,2.5,2.5,5,2,5,2.5,5,5,5,5,0,65,"c6ea2fbb"
5,5,5,5,0,2,5,5,5,5,5,1,5,5,5,5,5,0,0,5,78,"4fd03e58"
5,5,0,5,5,2,5,5,5,2.5,2.5,0,5,4,0,5,5,5,5,0,71,"17635cdd"
NA,NA,NA,NA,NA,NA,NA,NA,NA,NA,NA,NA,NA,NA,NA,NA,NA,NA,NA,NA,NA,"b81a4bc2"
5,0,5,5,5,2,5,5,5,0,5,5,5,5,5,5,5,5,0,5,82,"c712b89a"
5,5,5,5,5,5,5,5,5,5,2.5,5,5,5,5,5,5,5,0,5,92.5,"3682f0be"
5,5,5,5,5,2,5,5,5,5,5,5,5,5,5,5,5,5,5,5,97,"cd9afd1f"
5,5,5,5,5,0,5,0,5,5,5,5,5,5,5,5,5,5,5,5,90,"3ad47b4"
5,0,5,3,5,0,0,0,5,5,2.5,5,2,0,3.75,0,5,5,0,0,51.25,"8c1865ee"
5,0,5,4,5,2,5,5,5,2.5,5,0,5,5,0,5,5,0,0,5,68.5,"9a252ae6"
5,5,5,2,5,2,5,5,5,5,5,5,5,0,0,0,5,5,0,0,69,"bf9b59b3"
5,5,0,5,0,5,5,0,5,5,5,5,5,2,5,5,5,5,0,0,72,"5de57d62"
5,5,5,4,5,2,5,5,5,5,5,5,5,2,5,5,5,5,0,5,88,"43c776a4"
NA,NA,NA,NA,NA,NA,NA,NA,NA,NA,NA,NA,NA,NA,NA,NA,NA,NA,NA,NA,NA,"bbe82ae6"
5,5,5,5,5,5,5,5,5,0,5,5,5,4,5,5,5,5,0,5,89,"7f2f57f"
5,5,5,3,5,5,0,0,5,2.5,2.5,5,5,5,5,5,5,5,0,0,73,"963e4c90"
2.5,0,0,2,0,0,0,0,5,0,5,5,5,2,3.75,5,5,0,0,0,40.25,"110df57c"
5,5,5,5,5,0,5,5,5,5,5,5,5,5,5,5,5,5,5,5,95,"7b85e081"
5,5,0,5,5,2,0,5,5,2.5,5,1,2,2,1.25,5,5,5,0,0,60.75,"9916685e"
0,5,0,0,5,0,0,0,5,0,2.5,5,5,2,0,5,5,0,0,0,39.5,"76b36ab0"
5,5,5,5,5,5,5,5,5,5,5,5,5,5,5,5,5,5,5,5,100,"5cb903ba"
NA,NA,NA,NA,NA,NA,NA,NA,NA,NA,NA,NA,NA,NA,NA,NA,NA,NA,NA,NA,NA,"45ed34"
5,5,0,5,0,0,2.5,0,5,0,2.5,0,2,2,1.25,0,5,5,5,0,45.25,"5a889231"
NA,NA,NA,NA,NA,NA,NA,NA,NA,NA,NA,NA,NA,NA,NA,NA,NA,NA,NA,NA,NA,"1126a6bc"
5,5,0,5,0,0,5,0,0,5,5,5,5,5,5,5,5,5,5,0,70,"6e4fe127"
5,5,5,3.5,5,0,5,0,5,5,5,5,5,5,5,5,5,0,5,0,78.5,"841b8a68"
5,5,5,5,5,0,5,0,5,5,2.5,5,5,5,2.5,5,5,5,5,0,80,"6143b9c9"
2.5,0,0,0,0,0,0,5,5,0,2.5,0,5,5,5,5,5,0,0,0,40,"cdd42ab6"
5,0,5,0,5,5,5,0,5,5,5,5,5,2,1.25,5,5,0,0,0,63.25,"29f07dd5"
5,5,5,3,5,0,5,0,0,0,0,0,0,0,0,0,0,0,0,0,28,"b031b743"
0,0,0,0,0,0,0,0,0,0,0,0,0,0,0,0,0,0,0,0,0,"d9e3ddb7"
NA,NA,NA,NA,NA,NA,NA,NA,NA,NA,NA,NA,NA,NA,NA,NA,NA,NA,NA,NA,NA,"b8391ebe"
NA,NA,NA,NA,NA,NA,NA,NA,NA,NA,NA,NA,NA,NA,NA,NA,NA,NA,NA,NA,NA,"50cc137d"
NA,NA,NA,NA,NA,NA,NA,NA,NA,NA,NA,NA,NA,NA,NA,NA,NA,NA,NA,NA,NA,"3b3990f0"
NA,NA,NA,NA,NA,NA,NA,NA,NA,NA,NA,NA,NA,NA,NA,NA,NA,NA,NA,NA,NA,"5fa02e13"
5,5,5,5,5,5,5,5,5,5,5,5,5,5,2.5,5,5,5,5,5,97.5,"cb0fe890"
5,5,5,5,0,0,5,5,5,5,5,5,5,5,5,5,5,5,5,0,85,"c4635591"
5,5,0,4,5,2,0,5,5,2.5,2.5,5,5,2,5,5,5,5,5,0,73,"7e0f05d"
5,5,5,5,5,2,5,5,5,5,5,5,5,5,5,5,5,0,5,5,92,"46771242"
5,5,5,5,5,2,5,5,5,5,5,5,5,2,5,5,5,5,5,0,89,"aaf05005"
NA,NA,NA,NA,NA,NA,NA,NA,NA,NA,NA,NA,NA,NA,NA,NA,NA,NA,NA,NA,NA,"a7fac8f8"
2.5,5,5,5,5,2,5,5,5,0,5,5,5,2,5,0,5,5,0,5,76.5,"869f591b"
5,5,5,5,5,2,5,5,5,5,5,5,5,5,5,5,5,5,5,5,97,"2eedd42"
0,0,0,0,0,0,0,0,0,0,0,0,0,0,0,0,0,0,0,0,0,"c124f543"
5,5,0,2,5,0,0,5,0,0,5,0,2,2,5,5,5,5,0,0,51,"24a8ba38"
5,5,5,5,5,5,5,5,5,5,5,5,5,5,5,5,5,5,5,5,100,"a552c289"
5,5,5,4,5,5,5,5,5,5,2.5,5,2,0,1.25,5,5,5,0,0,74.75,"f0f728bb"
5,5,5,5,5,5,5,5,5,2.5,2.5,5,5,5,5,5,5,5,5,5,95,"7b35877d"
5,5,5,2,0,0,5,0,0,0,5,5,2,5,0,5,5,0,5,5,59,"1f488c0c"
5,5,5,5,5,5,5,5,5,5,2.5,5,5,5,5,5,5,5,5,5,97.5,"f0f09914"
2.5,5,0,3,5,0,2.5,5,0,2.5,0,1,5,5,2.5,5,5,0,0,0,49,"f706427b"
5,5,5,3,5,2,0,5,5,2.5,5,5,5,2,5,5,5,5,5,5,84.5,"4e322cd1"
5,2.5,5,4,5,0,5,0,5,0,5,1,2,2,3.75,5,5,5,5,0,65.25,"e0558758"
NA,NA,NA,NA,NA,NA,NA,NA,NA,NA,NA,NA,NA,NA,NA,NA,NA,NA,NA,NA,NA,"85969c8d"
5,5,5,5,5,2,5,0,5,5,5,5,5,5,5,5,5,5,5,5,92,"5908787c"
5,5,0,2,5,5,2.5,5,5,2.5,5,5,2,5,0,5,5,5,0,0,69,"563cef66"
5,5,0,2.5,5,0,0,5,0,2.5,5,0,5,0,1.25,0,5,5,0,0,46.25,"bee73d71"
5,5,0,2,5,2,0,5,5,5,1.25,5,5,2,5,5,5,0,0,0,62.25,"644767eb"
2.5,5,5,5,5,2,5,5,5,5,5,5,5,2,2.5,5,5,5,5,5,89,"feb6c2ff"
5,5,5,4,0,5,5,0,5,5,5,5,2,5,2.5,0,0,0,0,5,63.5,"1386fce1"
5,5,0,1,5,2,5,5,5,2.5,5,5,5,2,0,5,5,5,5,0,72.5,"e651538f"
5,5,5,5,5,5,5,5,0,5,5,5,5,5,5,5,5,5,5,5,95,"39207aae"
NA,NA,NA,NA,NA,NA,NA,NA,NA,NA,NA,NA,NA,NA,NA,NA,NA,NA,NA,NA,NA,"fb7741e7"
5,5,0,4.5,0,2,0,0,0,2.5,0,0,0,0,1.25,5,5,0,0,0,30.25,"d0e76798"
5,5,0,5,5,0,2.5,5,5,2.5,5,5,5,2,5,5,5,5,5,0,77,"33d8c7f5"
0,0,0,0,0,0,0,0,0,0,0,0,0,0,0,0,0,0,0,0,0,"8c50ef2"
NA,NA,NA,NA,NA,NA,NA,NA,NA,NA,NA,NA,NA,NA,NA,NA,NA,NA,NA,NA,NA,"b097015d"
5,5,0,3,5,0,0,0,5,5,2.5,0,0,0,0,5,5,5,5,5,55.5,"febdfe44"
NA,NA,NA,NA,NA,NA,NA,NA,NA,NA,NA,NA,NA,NA,NA,NA,NA,NA,NA,NA,NA,"392576d5"
5,5,5,2,5,2,5,5,5,5,5,5,2,0,5,5,5,5,5,0,81,"ebc81460"
5,5,5,4.5,5,5,0,5,5,0,2.5,5,2,2,5,5,5,0,0,0,66,"778ea0ab"
5,5,5,5,5,0,0,5,5,2.5,5,1,2,5,2.5,5,5,5,5,5,78,"857b8b81"
2.5,5,5,5,0,5,0,5,0,0,5,5,2,2,5,5,5,5,0,0,61.5,"abb98495"
5,5,0,4,0,0,5,5,5,2.5,5,0,5,1,2.5,5,5,5,0,0,60,"112943a"
5,5,0,2,5,0,2.5,0,5,0,5,0,2,5,5,5,5,0,0,5,56.5,"4c31e0b9"
NA,NA,NA,NA,NA,NA,NA,NA,NA,NA,NA,NA,NA,NA,NA,NA,NA,NA,NA,NA,NA,"4535f908"
2.5,0,0,1,0,0,5,5,0,2.5,5,5,5,0,0,5,5,0,0,0,41,"fd7dd091"
5,5,5,4.5,5,0,5,5,5,2.5,1.25,5,5,2,2.5,5,0,5,5,0,72.75,"8bd65284"
5,5,5,4,5,0,5,5,5,0,5,1,5,0,0,5,5,0,0,0,60,"417e00"
NA,NA,NA,NA,NA,NA,NA,NA,NA,NA,NA,NA,NA,NA,NA,NA,NA,NA,NA,NA,NA,"86bc2f96"
NA,NA,NA,NA,NA,NA,NA,NA,NA,NA,NA,NA,NA,NA,NA,NA,NA,NA,NA,NA,NA,"a715d922"
5,5,5,5,5,5,5,5,5,5,5,5,5,5,5,5,5,5,5,5,100,"a2ad4e76"
5,0,0,3.5,5,0,0,0,5,0,5,5,5,0,2.5,5,5,0,0,0,46,"8828cbd5"
5,5,5,4,5,0,5,5,5,5,2.5,5,5,2,5,5,5,5,0,5,83.5,"4610c66d"
NA,NA,NA,NA,NA,NA,NA,NA,NA,NA,NA,NA,NA,NA,NA,NA,NA,NA,NA,NA,NA,"fae277e2"
5,5,0,5,5,0,0,5,5,5,2.5,5,2,2,5,5,5,0,0,0,61.5,"53dfdde"
0,5,0,1,0,0,2.5,0,5,2.5,2.5,1,0,1,2.5,5,5,5,0,5,43,"355df426"
5,5,5,5,5,5,5,0,5,5,5,5,5,5,5,5,5,5,5,5,95,"5ee7844f"
5,5,5,5,5,5,5,5,5,5,5,5,5,5,5,5,5,5,5,5,100,"6d5c5417"
5,5,5,5,5,2,5,5,5,2.5,5,5,5,5,5,5,5,5,5,5,94.5,"4416f370"
0,2.5,0,3,5,0,2.5,5,5,2.5,5,0,0,0,5,5,0,0,5,0,45.5,"ff8da66b"
5,5,5,2,5,0,0,5,5,0,5,0,0,0,0,5,5,5,0,0,52,"d01d2904"
5,5,5,5,5,2,5,5,5,5,5,5,5,5,5,5,5,5,5,5,97,"acd1312d"
5,2.5,0,5,5,0,5,0,0,5,2.5,0,5,5,0,0,5,0,5,0,50,"8b36812c"
5,5,5,1,5,2,5,5,5,5,5,0,5,2,5,5,5,5,0,0,75,"f0407e87"
5,5,5,5,5,5,5,5,5,0,5,5,5,4,5,5,5,5,5,5,94,"a228744a"
NA,NA,NA,NA,NA,NA,NA,NA,NA,NA,NA,NA,NA,NA,NA,NA,NA,NA,NA,NA,NA,"699c6225"
5,5,5,4,0,0,5,0,0,2.5,2.5,5,2,0,0,0,0,5,0,0,41,"e82f5f63"
5,5,5,3,5,5,5,0,5,5,5,5,5,2,5,5,5,5,0,0,80,"a175b54d"
NA,NA,NA,NA,NA,NA,NA,NA,NA,NA,NA,NA,NA,NA,NA,NA,NA,NA,NA,NA,NA,"202445e9"
5,5,5,5,5,5,5,5,5,5,5,5,5,4,0,5,5,5,5,5,94,"5edd7059"
5,5,5,4,5,2,0,0,5,5,5,5,5,5,2.5,5,5,5,5,0,78.5,"582f37cf"
5,5,5,5,5,5,5,5,5,5,5,5,5,5,5,5,5,5,5,0,95,"11245564"
5,5,5,5,0,2,5,5,5,5,5,5,5,5,5,5,5,5,5,0,87,"b364ff36"
5,5,5,5,5,0,2.5,0,5,5,5,5,5,5,5,5,5,5,5,5,87.5,"8beae3d6"
NA,NA,NA,NA,NA,NA,NA,NA,NA,NA,NA,NA,NA,NA,NA,NA,NA,NA,NA,NA,NA,"6e332fef"
5,5,5,5,5,5,5,5,5,5,5,0,5,2,0,5,5,5,5,5,87,"93bfa88e"
5,0,0,3.5,0,0,0,5,0,0,2.5,0,0,0,0,0,0,0,0,0,16,"792a2e3e"
5,5,5,4,5,2,5,0,5,2.5,5,4,5,4,5,5,5,5,5,0,81.5,"b6d158b"
5,5,0,5,5,0,5,5,5,0,5,5,2,2,5,5,5,5,0,0,69,"7a9cce49"
NA,NA,NA,NA,NA,NA,NA,NA,NA,NA,NA,NA,NA,NA,NA,NA,NA,NA,NA,NA,NA,"38bad849"
5,5,5,5,5,5,5,5,5,5,5,5,2,5,5,5,5,5,5,5,97,"c8f52c96"
5,5,5,5,5,5,5,5,5,5,5,1,5,2,3.75,5,5,5,0,5,86.75,"314cc7d4"
NA,NA,NA,NA,NA,NA,NA,NA,NA,NA,NA,NA,NA,NA,NA,NA,NA,NA,NA,NA,NA,"bfe952b5"
5,5,5,4,5,2,5,5,5,5,1.25,4,5,5,5,5,5,5,0,0,81.25,"b283e1c4"
5,5,5,3,5,5,5,0,5,5,5,5,5,2,0,5,5,5,5,0,80,"90262b93"
5,5,5,5,5,0,5,5,5,5,5,5,5,2,5,5,5,0,0,5,82,"6aa188ae"
5,5,5,3,5,2,5,5,5,5,5,4,5,2,5,5,5,5,5,5,91,"47d42e7d"
5,5,5,5,5,2,5,5,5,2.5,5,5,5,2,5,5,5,5,0,5,86.5,"921c94b1"
0,5,0,5,5,5,5,5,5,5,5,5,5,2,5,0,5,5,5,0,77,"e54a606c"
5,5,5,5,5,2,5,0,5,5,5,5,5,2,5,5,5,5,5,5,89,"e17db19b"
5,2.5,0,3,5,0,5,5,5,2.5,5,4,5,1,0,5,0,5,0,0,58,"bf731454"
5,5,5,5,5,2,5,5,5,5,1.25,5,5,2,2.5,5,5,5,5,0,82.75,"f94a6c9b"
5,5,5,5,5,5,5,5,5,5,5,5,5,5,5,5,5,0,5,5,95,"10f23e60"
NA,NA,NA,NA,NA,NA,NA,NA,NA,NA,NA,NA,NA,NA,NA,NA,NA,NA,NA,NA,NA,"6d93dfb8"
5,5,5,4,5,5,0,5,0,0,5,5,5,2,5,5,5,5,0,0,71,"a57e20e6"
2.5,5,0,5,5,2,0,5,0,2.5,5,5,5,0,5,5,5,5,5,0,67,"98c77c96"
NA,NA,NA,NA,NA,NA,NA,NA,NA,NA,NA,NA,NA,NA,NA,NA,NA,NA,NA,NA,NA,"efb5ecf7"
5,5,5,5,5,2,5,5,5,5,5,5,5,1,5,5,5,5,5,0,88,"52d1c989"
5,5,5,3,5,5,0,5,5,5,5,1,5,0,3.75,5,5,5,0,5,77.75,"9b5318de"
2.5,5,0,2.5,5,0,5,5,5,0,0,5,0,2,5,5,5,5,5,0,62,"6f7bdf32"
5,5,5,2.5,5,2,5,5,5,2.5,1.25,5,5,5,5,5,5,5,0,0,78.25,"2f922c01"
5,5,5,4,5,0,0,0,5,5,2.5,4,5,4,3.75,5,5,5,5,0,73.25,"665ee048"
5,5,5,5,5,2,5,0,5,5,5,5,5,5,5,5,5,5,5,5,92,"18b1c381"
2.5,0,5,3,5,0,5,5,5,2.5,5,5,5,5,3.75,5,5,5,0,5,76.75,"865db58e"
0,0,0,0,0,0,0,0,0,0,0,0,0,0,0,0,0,0,0,0,0,"127c567b"
5,5,5,4,5,0,5,0,5,5,5,5,5,0,2.5,5,5,5,5,0,76.5,"4913c402"
5,5,0,4,5,2,5,5,5,5,5,5,5,5,0,5,5,0,0,0,71,"89223725"
5,5,5,5,5,5,0,5,5,0,2.5,5,5,2,0,5,5,5,0,0,69.5,"2340d455"
5,5,5,3,5,2,0,5,5,5,5,5,5,1,0,5,5,5,5,5,81,"6707dce7"
5,5,0,5,5,0,5,0,5,2.5,2.5,0,2,0,2.5,5,5,0,0,0,49.5,"11d9c7aa"
5,5,5,5,5,5,5,5,5,5,5,5,5,5,5,5,5,5,5,5,100,"28525eca"
NA,NA,NA,NA,NA,NA,NA,NA,NA,NA,NA,NA,NA,NA,NA,NA,NA,NA,NA,NA,NA,"d14dea"
NA,NA,NA,NA,NA,NA,NA,NA,NA,NA,NA,NA,NA,NA,NA,NA,NA,NA,NA,NA,NA,"4afd4062"
5,5,0,3,5,2,0,5,5,2.5,5,0,0,2,3.75,5,0,0,0,0,48.25,"72ba0cc3"
5,5,5,5,5,0,5,5,5,5,5,5,5,5,5,5,5,5,5,5,95,"3407d17f"
5,5,5,5,5,2,5,0,5,5,5,5,0,5,5,0,5,5,0,5,77,"17186db6"
2.5,5,0,3.5,5,0,5,0,5,5,3.75,5,5,2,5,5,5,0,0,5,66.75,"73eeec54"
5,5,5,5,5,5,5,5,5,5,5,5,5,5,0,5,5,5,5,5,95,"c496c1e3"
5,5,5,5,5,0,5,5,5,5,5,5,5,5,2.5,5,5,5,0,5,87.5,"af88e371"
5,0,5,4,5,5,5,5,5,2.5,5,5,5,5,0,5,5,5,5,5,86.5,"14fe02f8"
5,5,5,3.5,5,5,5,5,5,5,5,0,5,2,2.5,5,5,5,5,0,83,"f2f1a0fd"
NA,NA,NA,NA,NA,NA,NA,NA,NA,NA,NA,NA,NA,NA,NA,NA,NA,NA,NA,NA,NA,"f4190967"
NA,NA,NA,NA,NA,NA,NA,NA,NA,NA,NA,NA,NA,NA,NA,NA,NA,NA,NA,NA,NA,"881edfd"
NA,NA,NA,NA,NA,NA,NA,NA,NA,NA,NA,NA,NA,NA,NA,NA,NA,NA,NA,NA,NA,"7f4fa3b8"
5,5,5,5,5,2,5,5,5,2.5,5,5,5,1,0,5,5,0,0,5,75.5,"9f4fd4e5"
0,5,0,4,5,2,5,0,5,5,2.5,0,5,2,5,5,5,5,0,0,60.5,"16b3f4ab"
5,5,0,1.5,5,2,5,5,5,2.5,5,5,2,0,5,5,5,5,5,0,73,"286badef"
5,5,5,5,5,2,5,5,5,5,5,5,5,5,2.5,5,5,5,5,5,94.5,"79dd87f7"
5,5,5,5,5,0,5,0,5,5,5,4,2,0,2.5,5,5,0,5,0,68.5,"8267832c"
5,5,5,5,5,5,5,5,5,5,5,5,0,5,2.5,5,5,5,0,0,82.5,"449ec38b"
5,5,5,1,0,0,5,0,5,2.5,5,5,5,2,2.5,5,5,5,0,0,63,"698cff7b"
5,5,5,4,5,2,5,5,5,2.5,5,5,5,2,5,5,5,5,0,5,85.5,"13e69f38"
5,5,5,5,5,5,5,5,5,2.5,5,5,5,5,5,5,5,0,0,5,87.5,"d76425af"
0,0,0,0,0,0,0,0,0,0,0,0,0,0,0,0,0,0,0,0,0,"db725182"
NA,NA,NA,NA,NA,NA,NA,NA,NA,NA,NA,NA,NA,NA,NA,NA,NA,NA,NA,NA,NA,"321431c5"
0,5,0,5,5,2,0,5,5,0,5,0,2,2,2.5,5,5,0,5,0,53.5,"ce1602b5"
NA,NA,NA,NA,NA,NA,NA,NA,NA,NA,NA,NA,NA,NA,NA,NA,NA,NA,NA,NA,NA,"cdd1e70f"
5,5,5,4,5,2,5,5,5,2.5,2.5,5,5,5,5,5,5,5,5,0,86,"5ace3645"
NA,NA,NA,NA,NA,NA,NA,NA,NA,NA,NA,NA,NA,NA,NA,NA,NA,NA,NA,NA,NA,"d276ebad"
5,5,5,3.5,5,2,5,5,5,2.5,5,5,5,5,5,5,5,5,0,0,83,"36ce395d"
5,5,5,4,5,5,0,0,5,2.5,5,5,5,5,2.5,5,5,5,0,5,79,"7b332fab"
NA,NA,NA,NA,NA,NA,NA,NA,NA,NA,NA,NA,NA,NA,NA,NA,NA,NA,NA,NA,NA,"996876bf"
5,5,5,5,5,2,5,0,5,0,2.5,4,5,5,5,5,5,5,5,5,83.5,"51971269"
2.5,5,5,5,5,2,5,5,5,2.5,5,5,5,1,5,5,5,5,5,5,88,"4d6dbd90"
5,5,5,5,5,2,5,5,5,2.5,5,5,5,5,3.75,5,5,0,0,5,83.25,"21f3dc5f"
0,5,0,4.5,5,5,2.5,5,5,0,5,5,5,2,5,5,5,5,5,0,74,"e4481a4f"
5,5,5,2,5,0,5,5,5,2.5,5,5,5,5,0,5,5,5,5,5,84.5,"854278a4"
5,5,5,3,5,5,5,5,5,2.5,5,5,5,5,5,5,5,5,5,5,95.5,"9692752a"
5,2.5,0,3,5,2,5,5,5,5,5,1,2,5,5,5,5,5,5,5,80.5,"c1a645bd"
